,year,state,constituency,parliament_code_digits,EligibleVoters,MalayVoters,ChineseVoters,IndianVoters,OtherVoters,BumiMuslimVoters,BumiNonmuslimVoters,SabahBumiVoters,Early,Postal,Spoilt,Turnout,Unreturned
0,2004,Perlis,KANGAR,002,40516,79,18,2,1,0,0,0,0,0,548,32996,99
1,2004,Perlis,ARAU,003,38067,87,9,2,2,0,0,0,0,0,533,32062,38
2,2004,Kedah,LANGKAWI,004,27980,90,7,3,0,0,0,0,0,0,560,22844,36
3,2004,Kedah,JERLUN,005,44148,90,9,0,1,0,0,0,0,0,718,36822,0
4,2004,Kedah,PENDANG,011,57180,88,7,1,5,0,0,0,0,0,383,49193,0
5,2004,Kedah,JERAI,012,63886,77,16,6,0,0,0,0,0,0,1015,50918,0
6,2004,Kedah,SIK,013,37036,92,2,1,5,0,0,0,0,0,1287,31682,0
7,2004,Kedah,MERBOK,014,57922,63,19,18,1,0,0,0,0,0,1142,44911,70
8,2004,Kedah,BALING,016,74698,87,6,5,1,0,0,0,0,0,1109,62202,0
9,2004,Kelantan,TUMPAT,019,70810,92,3,1,4,0,0,0,0,0,1072,55090,0
10,2004,Kelantan,BACHOK,025,55319,98,1,0,0,0,0,0,0,0,893,48009,0
11,2004,Kelantan,KETEREH,026,46493,97,2,0,1,0,0,0,0,0,751,37911,276
12,2004,Kelantan,MACHANG,029,43874,95,5,0,0,0,0,0,0,0,599,35392,0
13,2004,Kelantan,JELI,030,32729,99,0,0,1,0,0,0,0,0,394,26961,0
14,2004,Terengganu,BESUT,033,51284,98,2,0,0,0,0,0,0,0,683,44357,0
15,2004,Terengganu,SETIU,034,48161,99,1,0,0,0,0,0,0,0,714,40176,236
16,2004,Terengganu,MARANG,037,64367,98,2,0,0,0,0,0,0,0,866,56855,331
17,2004,Terengganu,DUNGUN,039,55711,95,5,0,0,0,0,0,0,0,708,48608,1
18,2004,Terengganu,KEMAMAN,040,66416,91,8,1,1,0,0,0,0,0,1036,58188,273
19,2004,Penang,BAGAN,043,57322,15,71,14,0,0,0,0,0,0,961,43542,13
20,2004,Penang,TANJONG,049,57902,5,86,9,0,0,0,0,0,0,717,39793,0
21,2004,Penang,JELUTONG,050,59641,20,68,12,0,0,0,0,0,0,1002,43538,30
22,2004,Perak,GRIK,054,24646,67,20,5,8,0,0,0,0,0,759,18702,1098
23,2004,Perak,LENGGONG,055,23159,78,18,2,1,0,0,0,0,0,295,16531,20
24,2004,Perak,LARUT,056,40150,86,7,7,0,0,0,0,0,0,756,31393,78
25,2004,Perak,TAIPING,060,65046,32,53,14,1,0,0,0,0,0,1337,44821,1027
26,2004,Perak,TAMBUN,063,65219,63,24,12,1,0,0,0,0,0,1280,47568,4
27,2004,Perak,BERUAS,068,42173,32,55,13,0,0,0,0,0,0,1102,28272,1
28,2004,Perak,PARIT,069,28916,91,4,4,1,0,0,0,0,0,483,21403,129
29,2004,Perak,KAMPAR,070,60874,26,64,10,1,0,0,0,0,0,1542,38326,0
30,2004,Perak,GOPENG,071,68466,42,48,9,1,0,0,0,0,0,1323,46383,831
31,2004,Perak,TAPAH,072,38899,44,34,13,9,0,0,0,0,0,956,25260,421
32,2004,Perak,LUMUT,074,68522,47,41,11,1,0,0,0,0,0,1477,44693,5
33,2004,Pahang,LIPIS,079,28083,73,20,7,1,0,0,0,0,0,528,20875,231
34,2004,Pahang,RAUB,080,44523,48,44,7,2,0,0,0,0,0,1280,32540,75
35,2004,Pahang,JERANTUT,081,46059,80,15,3,1,0,0,0,0,0,776,36444,1
36,2004,Pahang,KUANTAN,083,45935,58,37,5,1,0,0,0,0,0,543,34290,246
37,2004,Pahang,PEKAN,085,52687,89,3,2,6,0,0,0,0,0,56,41046,0
38,2004,Pahang,MARAN,086,31860,89,8,2,1,0,0,0,0,0,569,24777,133
39,2004,Pahang,TEMERLOH,088,49984,62,27,9,2,0,0,0,0,0,884,37543,0
40,2004,Pahang,BENTONG,089,52665,41,49,9,1,0,0,0,0,0,1000,38449,240
41,2004,Pahang,BERA,090,40631,58,35,5,3,0,0,0,0,0,889,29847,889
42,2004,Pahang,ROMPIN,091,38319,89,3,2,6,0,0,0,0,0,847,30215,0
43,2004,Selangor,SELAYANG,097,71152,44,39,17,1,0,0,0,0,0,1444,50904,129
44,2004,Selangor,GOMBAK,098,92225,74,14,11,1,0,0,0,0,0,691,67224,134
45,2004,Selangor,AMPANG,099,66626,55,35,10,1,0,0,0,0,0,710,47406,73
46,2004,Selangor,PANDAN,100,57884,52,42,5,1,0,0,0,0,0,632,39962,62
47,2004,Selangor,SERDANG,102,78837,34,54,11,0,0,0,0,0,0,2038,59748,102
48,2004,Selangor,PUCHONG,103,59694,47,36,16,1,0,0,0,0,0,533,40418,78
49,2004,Selangor,PJ UTARA,106,75935,15,77,7,1,0,0,0,0,0,619,52420,40
50,2004,Selangor,SUBANG,107,68739,49,34,16,1,0,0,0,0,0,1063,51485,532
51,2004,Selangor,KAPAR,109,104185,49,38,13,0,0,0,0,0,0,2356,75782,7
52,2004,Selangor,KLANG,110,74062,33,47,19,1,0,0,0,0,0,1215,52210,55
53,2004,Selangor,SEPANG,113,58296,55,24,19,3,0,0,0,0,0,315,42988,66
54,2004,FederalTerritories,KEPONG,114,60273,4,91,5,0,0,0,0,0,0,212,44922,34
55,2004,FederalTerritories,BATU,115,67652,42,41,16,1,0,0,0,0,0,309,46228,0
56,2004,FederalTerritories,SEGAMBUT,117,57349,35,49,15,1,0,0,0,0,0,640,39794,467
57,2004,FederalTerritories,SETIAWANGSA,118,51536,52,36,10,1,0,0,0,0,0,292,36137,0
58,2004,FederalTerritories,TITIWANGSA,119,52017,64,24,11,1,0,0,0,0,0,189,34194,786
59,2004,FederalTerritories,SEPUTEH,122,74702,5,89,5,1,0,0,0,0,0,164,46503,29
60,2004,FederalTerritories,CHERAS,123,67794,9,83,7,0,0,0,0,0,0,236,43146,54
61,2004,FederalTerritories,PUTRAJAYA,125,5079,95,2,3,1,0,0,0,0,0,28,4654,8
62,2004,NegriSembilan,JELEBU,126,37716,61,30,7,2,0,0,0,0,0,860,27380,90
63,2004,NegriSembilan,JEMPOL,127,50553,57,29,14,0,0,0,0,0,0,1050,36690,0
64,2004,NegriSembilan,SEREMBAN,128,81704,39,48,12,1,0,0,0,0,0,2190,59038,134
65,2004,NegriSembilan,RASAH,130,65152,27,52,21,1,0,0,0,0,0,1294,46749,1
66,2004,NegriSembilan,REMBAU,131,53537,70,15,15,1,0,0,0,0,0,1114,39786,80
67,2004,NegriSembilan,TAMPIN,133,41571,50,34,14,1,0,0,0,0,0,951,30739,39
68,2004,Melaka,JASIN,139,53218,68,21,11,0,0,0,0,0,0,1249,42311,96
69,2004,Johor,SEGAMAT,140,40983,41,48,12,0,0,0,0,0,0,876,28974,1
70,2004,Johor,SEKIJANG,141,33594,54,40,6,0,0,0,0,0,0,0,24414,0
71,2004,Johor,LABIS,142,32518,35,49,15,1,0,0,0,0,0,839,23073,25
72,2004,Johor,PAGOH,143,40172,62,33,4,0,0,0,0,0,0,881,29534,42
73,2004,Johor,LEDANG,144,57175,53,43,4,0,0,0,0,0,0,1362,41684,59
74,2004,Johor,BAKRI,145,55438,44,54,2,0,0,0,0,0,0,1177,40939,181
75,2004,Johor,MUAR,146,42130,62,36,2,0,0,0,0,0,0,872,29770,81
76,2004,Johor,KLUANG,152,67475,36,54,9,1,0,0,0,0,0,1477,49662,881
77,2004,Johor,SEMBRONG,153,30767,50,39,10,1,0,0,0,0,0,760,22956,24
78,2004,Johor,MERSING,154,33890,76,21,2,1,0,0,0,0,0,613,24484,0
79,2004,Johor,TENGGARA,155,29819,74,18,7,1,0,0,0,0,0,640,23056,92
80,2004,Johor,PENGERANG,157,30957,85,14,1,1,0,0,0,0,0,0,0,0
81,2004,Johor,TEBRAU,158,52644,51,35,14,1,0,0,0,0,0,1101,39261,29
82,2004,Johor,PULAI,161,73256,53,38,9,1,0,0,0,0,0,1002,50948,60
83,2004,Johor,KULAI,163,62273,32,59,9,0,0,0,0,0,0,1935,48377,30
84,2004,Johor,PONTIAN,164,44377,68,31,1,0,0,0,0,0,0,1167,33460,117
85,2004,Sabah,LABUAN,166,22006,0,0,1,12,62,25,0,0,0,488,14761,0
86,2004,Sabah,KUDAT,167,37089,0,15,0,0,54,31,0,0,0,1061,24442,0
87,2004,Sabah,TUARAN,170,39338,0,8,0,0,44,49,0,0,0,981,27258,0
88,2004,Sabah,SEPANGGAR,171,21988,0,22,0,0,49,29,0,0,0,361,26990,0
89,2004,Sabah,PUTATAN,173,34123,0,24,0,0,63,13,0,0,0,725,21252,0
90,2004,Sabah,PENAMPANG,174,32832,0,33,0,0,11,55,0,0,0,436,21680,0
91,2004,Sabah,PAPAR,175,31275,0,12,0,0,63,25,0,0,0,0,0,0
92,2004,Sabah,KIMANIS,176,21576,0,7,0,0,68,25,0,0,0,500,15126,0
93,2004,Sabah,BEAUFORT,177,26461,0,12,0,0,63,26,0,0,0,0,0,0
94,2004,Sabah,SIPITANG,178,23542,0,5,0,0,81,14,0,0,0,0,0,0
95,2004,Sabah,RANAU,179,27986,0,3,0,0,39,58,0,0,0,775,19699,0
96,2004,Sabah,KENINGAU,180,34510,0,11,0,0,24,65,0,0,0,0,0,0
97,2004,Sabah,TENOM,181,20417,0,17,0,0,25,57,0,0,0,396,14063,0
98,2004,Sabah,PENSIANGAN,182,18075,0,2,0,0,12,85,0,0,0,562,12271,0
99,2004,Sabah,BELURAN,183,18960,0,2,0,0,61,37,0,0,0,0,0,0
100,2004,Sabah,LIBARAN,184,26888,0,23,0,0,72,5,0,0,0,804,16484,0
101,2004,Sabah,SANDAKAN,186,33208,0,61,0,0,35,4,0,0,0,385,18798,0
102,2004,Sabah,KINABATANGAN,187,19441,0,0,0,0,92,6,0,0,0,0,0,0
103,2004,Sabah,SILAM,188,40362,0,14,0,0,72,12,0,0,0,1517,24141,0
104,2004,Sabah,SEMPORNA,189,33772,0,3,0,0,93,5,0,0,0,770,19086,0
105,2004,Sabah,TAWAU,190,41143,0,44,0,0,51,4,0,0,0,0,0,0
106,2004,Sabah,KALABAKAN,191,34617,0,13,0,0,78,8,0,0,0,0,0,0
107,2004,Sarawak,SANTUBONG,193,23238,34,6,0,0,0,0,0,0,0,244,14864,0
108,2004,Sarawak,STAMPIN,196,59809,7,75,1,1,0,0,0,0,0,529,35806,698
109,2004,Sarawak,MAMBONG,198,35652,3,30,0,1,0,0,0,0,0,451,22089,0
110,2004,Sarawak,SERIAN,199,31601,4,12,0,1,0,0,0,0,0,372,18686,89
111,2004,Sarawak,BETONG,204,20737,12,9,0,1,0,0,0,0,0,176,13689,0
112,2004,Sarawak,SARATOK,205,24607,11,8,0,0,0,0,0,0,0,229,16684,10
113,2004,Sarawak,SARIKEI,207,35880,0,0,0,0,0,0,0,0,0,237,22173,34
114,2004,Sarawak,JULAU,208,19765,0,0,0,0,0,0,0,0,0,176,14271,7
115,2004,Sarawak,KANOWIT,209,18181,0,0,0,0,0,0,0,0,0,185,11022,18
116,2004,Sarawak,LANANG,210,40100,0,0,0,0,0,0,0,0,0,252,25374,53
117,2004,Sarawak,SIBU,211,60832,0,65,0,0,20,15,0,0,0,430,38216,0
118,2004,Sarawak,MUKAH,212,25853,0,10,0,0,75,16,0,0,0,341,14849,0
119,2004,Sarawak,SELANGAU,213,20459,0,4,0,0,13,83,0,0,0,237,12376,0
120,2004,Sarawak,KAPIT,214,23330,0,10,0,0,22,68,0,0,0,0,0,0
121,2004,Sarawak,BINTULU,216,49374,0,28,0,0,29,44,0,0,0,288,32067,0
122,2004,Sarawak,MIRI,217,74266,0,57,0,0,26,17,0,0,0,0,0,0
123,2004,Sarawak,BARAM,218,25361,0,9,0,0,21,70,0,0,0,165,11973,0
124,2008,Perlis,KANGAR,002,43591,79,18,2,1,0,0,0,0,0,808,34946,167
125,2008,Perlis,ARAU,003,39877,87,9,2,3,0,0,0,0,0,586,33276,88
126,2008,Kedah,LANGKAWI,004,29567,91,7,2,0,0,0,0,0,0,670,23273,49
127,2008,Kedah,JERLUN,005,45513,90,8,0,2,0,0,0,0,0,599,37242,0
128,2008,Kedah,PENDANG,011,61346,89,6,1,5,0,0,0,0,0,991,51645,105
129,2008,Kedah,JERAI,012,65739,79,14,6,1,0,0,0,0,0,1070,51791,0
130,2008,Kedah,SIK,013,40339,93,2,0,5,0,0,0,0,0,505,34752,1000
131,2008,Kedah,MERBOK,014,64443,66,16,17,1,0,0,0,0,0,1338,49718,396
132,2008,Kedah,BALING,016,78784,88,6,5,1,0,0,0,0,0,1154,65764,75
133,2008,Kelantan,TUMPAT,019,80072,92,3,1,4,0,0,0,0,0,1032,65254,171
134,2008,Kelantan,BACHOK,025,64808,98,1,0,0,0,0,0,0,0,811,55724,144
135,2008,Kelantan,KETEREH,026,52240,97,2,0,1,0,0,0,0,0,993,44377,308
136,2008,Kelantan,MACHANG,029,49157,95,4,0,0,0,0,0,0,0,748,41494,124
137,2008,Kelantan,JELI,030,36298,99,0,0,1,0,0,0,0,0,474,30555,181
138,2008,Terengganu,BESUT,033,58353,97,2,0,0,0,0,0,0,0,668,49303,473
139,2008,Terengganu,SETIU,034,54520,99,0,0,0,0,0,0,0,0,833,46821,0
140,2008,Terengganu,MARANG,037,74813,98,2,0,0,0,0,0,0,0,806,65008,79
141,2008,Terengganu,DUNGUN,039,64851,95,4,0,0,0,0,0,0,0,930,54464,0
142,2008,Terengganu,KEMAMAN,040,75006,92,7,1,0,0,0,0,0,0,1077,62868,76
143,2008,Penang,BAGAN,043,59385,15,71,14,0,0,0,0,0,0,766,46227,35
144,2008,Penang,TANJONG,049,53188,8,86,6,0,0,0,0,0,0,631,38734,96
145,2008,Penang,JELUTONG,050,61181,20,68,11,0,0,0,0,0,0,41,46406,743
146,2008,Perak,GRIK,054,26229,72,18,4,5,0,0,0,0,0,649,20493,365
147,2008,Perak,LENGGONG,055,23223,81,17,2,0,0,0,0,0,0,311,17436,60
148,2008,Perak,LARUT,056,39697,87,6,6,0,0,0,0,0,0,687,30589,57
149,2008,Perak,TAIPING,060,65889,35,50,13,1,0,0,0,0,0,1612,47123,613
150,2008,Perak,TAMBUN,063,68966,64,24,11,1,0,0,0,0,0,927,51844,419
151,2008,Perak,BERUAS,068,43273,31,55,14,0,0,0,0,0,0,889,30821,98
152,2008,Perak,PARIT,069,28859,92,3,3,1,0,0,0,0,0,628,22598,45
153,2008,Perak,KAMPAR,070,59784,27,63,10,1,0,0,0,0,0,1048,38953,350
154,2008,Perak,GOPENG,071,74344,43,47,10,0,0,0,0,0,0,1279,53303,0
155,2008,Perak,TAPAH,072,38236,47,32,13,8,0,0,0,0,0,1662,26811,1
156,2008,Perak,LUMUT,074,72763,49,39,11,0,0,0,0,0,0,1884,55930,2948
157,2008,Pahang,LIPIS,079,28425,74,19,6,0,0,0,0,0,0,561,21758,112
158,2008,Pahang,RAUB,080,46454,49,44,6,1,0,0,0,0,0,915,34459,140
159,2008,Pahang,JERANTUT,081,48812,81,15,3,1,0,0,0,0,0,829,38078,109
160,2008,Pahang,KUANTAN,083,47745,60,36,4,0,0,0,0,0,0,623,35771,178
161,2008,Pahang,PEKAN,085,58217,93,3,1,3,0,0,0,0,0,1261,47870,549
162,2008,Pahang,MARAN,086,32517,90,8,2,0,0,0,0,0,0,495,25672,82
163,2008,Pahang,TEMERLOH,088,54010,63,27,9,1,0,0,0,0,0,924,41245,0
164,2008,Pahang,BENTONG,089,53651,43,47,9,1,0,0,0,0,0,1285,39168,164
165,2008,Pahang,BERA,090,42993,61,34,4,1,0,0,0,0,0,783,33064,0
166,2008,Pahang,ROMPIN,091,41701,93,3,1,3,0,0,0,0,0,824,32960,199
167,2008,Selangor,SELAYANG,097,79557,45,38,16,1,0,0,0,0,0,1506,60920,247
168,2008,Selangor,GOMBAK,098,99153,76,13,10,1,0,0,0,0,0,820,75619,998
169,2008,Selangor,AMPANG,099,69132,56,34,9,1,0,0,0,0,0,636,51097,147
170,2008,Selangor,PANDAN,100,64497,49,45,5,0,0,0,0,0,0,798,48309,0
171,2008,Selangor,SERDANG,102,94877,37,52,11,0,0,0,0,0,0,2072,76236,301
172,2008,Selangor,PUCHONG,103,75625,44,41,15,0,0,0,0,0,0,1580,59317,172
173,2008,Selangor,PJ UTARA,106,76618,15,77,6,2,0,0,0,0,0,527,56295,38
174,2008,Selangor,SUBANG,107,84414,50,36,14,1,0,0,0,0,0,2079,65861,443
175,2008,Selangor,KAPAR,109,112224,51,35,13,0,0,0,0,0,0,3064,87644,485
176,2008,Selangor,KLANG,110,77816,34,47,19,1,0,0,0,0,0,1036,59323,8
177,2008,Selangor,SEPANG,113,62044,59,23,18,0,0,0,0,0,0,1099,49137,125
178,2008,FederalTerritories,KEPONG,114,60775,4,90,5,0,0,0,0,0,0,212,47508,40
179,2008,FederalTerritories,BATU,115,70544,44,41,14,1,0,0,0,0,0,614,51303,574
180,2008,FederalTerritories,SEGAMBUT,117,59690,36,52,12,0,0,0,0,0,0,541,43531,630
181,2008,FederalTerritories,SETIAWANGSA,118,57161,56,33,9,1,0,0,0,0,0,918,45096,1334
182,2008,FederalTerritories,TITIWANGSA,119,49892,67,24,9,0,0,0,0,0,0,191,33933,0
183,2008,FederalTerritories,SEPUTEH,122,76891,6,87,5,0,0,0,0,0,0,174,58207,65
184,2008,FederalTerritories,CHERAS,123,68725,10,84,6,0,0,0,0,0,0,244,50571,121
185,2008,FederalTerritories,PUTRAJAYA,125,6608,95,1,4,0,0,0,0,0,0,38,5416,36
186,2008,NegriSembilan,JELEBU,126,38682,62,28,7,3,0,0,0,0,0,769,29029,396
187,2008,NegriSembilan,JEMPOL,127,53478,58,28,14,1,0,0,0,0,0,1054,39322,0
188,2008,NegriSembilan,SEREMBAN,128,84675,42,46,12,0,0,0,0,0,0,2248,64437,197
189,2008,NegriSembilan,RASAH,130,72115,28,52,20,1,0,0,0,0,0,1261,56654,2
190,2008,NegriSembilan,REMBAU,131,62896,69,15,16,0,0,0,0,0,0,1086,48901,511
191,2008,NegriSembilan,TAMPIN,133,47655,61,25,13,1,0,0,0,0,0,1115,36331,251
192,2008,Melaka,JASIN,139,56121,71,16,3,0,0,0,0,0,0,990,44181,5
193,2008,Johor,SEGAMAT,140,40708,41,48,11,0,0,0,0,0,0,847,29699,1
194,2008,Johor,SEKIJANG,141,35138,55,40,5,0,0,0,0,0,0,622,26716,3
195,2008,Johor,LABIS,142,33468,37,48,15,0,0,0,0,0,0,816,24080,42
196,2008,Johor,PAGOH,143,40042,63,33,4,0,0,0,0,0,0,787,30313,51
197,2008,Johor,LEDANG,144,58501,53,43,4,0,0,0,0,0,0,1433,44556,102
198,2008,Johor,BAKRI,145,56371,43,54,2,0,0,0,0,0,0,1561,43155,214
199,2008,Johor,MUAR,146,41019,62,36,2,0,0,0,0,0,0,902,30275,62
200,2008,Johor,KLUANG,152,71233,38,52,9,1,0,0,0,0,0,1884,54567,524
201,2008,Johor,SEMBRONG,153,33181,54,36,10,0,0,0,0,0,0,739,25211,66
202,2008,Johor,MERSING,154,36445,79,19,1,1,0,0,0,0,0,857,27548,195
203,2008,Johor,TENGGARA,155,32297,75,18,7,1,0,0,0,0,0,1336,25349,0
204,2008,Johor,PENGERANG,157,33002,87,12,1,0,0,0,0,0,0,0,0,0
205,2008,Johor,TEBRAU,158,62505,49,37,13,0,0,0,0,0,0,1525,48587,0
206,2008,Johor,PULAI,161,79622,51,40,9,0,0,0,0,0,0,1079,56863,161
207,2008,Johor,KULAI,163,67358,32,59,9,0,0,0,0,0,0,1327,53676,59
208,2008,Johor,PONTIAN,164,43264,68,31,1,0,0,0,0,0,0,1008,32806,0
209,2008,Sabah,LABUAN,166,20783,37,25,2,36,0,0,0,0,0,311,14149,247
210,2008,Sabah,KUDAT,167,39643,0,15,0,0,0,0,0,0,0,1058,26551,120
211,2008,Sabah,TUARAN,170,40761,0,8,0,0,0,0,0,0,0,979,30563,37
212,2008,Sabah,SEPANGGAR,171,39251,0,22,0,1,0,0,0,0,0,790,26990,184
213,2008,Sabah,PUTATAN,173,34935,0,24,0,1,0,0,0,0,0,608,23296,741
214,2008,Sabah,PENAMPANG,174,35821,0,33,0,1,0,0,0,0,0,540,25552,175
215,2008,Sabah,PAPAR,175,32279,0,12,0,0,0,0,0,0,0,651,24913,435
216,2008,Sabah,KIMANIS,176,22239,0,7,0,0,0,0,0,0,0,500,17367,16
217,2008,Sabah,BEAUFORT,177,26788,0,12,0,0,0,0,0,0,0,681,19346,19
218,2008,Sabah,SIPITANG,178,24145,0,5,0,0,0,0,0,0,0,531,18211,16
219,2008,Sabah,RANAU,179,30810,0,3,0,0,0,0,0,0,0,653,22201,32
220,2008,Sabah,KENINGAU,180,35578,0,11,0,0,0,0,0,0,0,464,25956,0
221,2008,Sabah,TENOM,181,20874,0,17,0,0,0,0,0,0,0,523,15705,11
222,2008,Sabah,PENSIANGAN,182,19712,0,2,0,0,0,0,0,0,0,0,0,0
223,2008,Sabah,BELURAN,183,19181,0,2,0,0,0,0,0,0,0,468,12349,36
224,2008,Sabah,LIBARAN,184,31435,0,23,0,0,0,0,0,0,0,613,20536,116
225,2008,Sabah,SANDAKAN,186,32847,0,61,0,0,0,0,0,0,0,644,20048,57
226,2008,Sabah,KINABATANGAN,187,19554,0,1,0,0,0,0,0,0,0,589,12814,22
227,2008,Sabah,SILAM,188,43488,0,14,0,1,0,0,0,0,0,989,27557,138
228,2008,Sabah,SEMPORNA,189,35216,0,3,0,0,0,0,0,0,0,832,22209,1
229,2008,Sabah,TAWAU,190,42560,0,44,0,1,0,0,0,0,0,735,27071,39
230,2008,Sabah,KALABAKAN,191,36018,0,13,0,2,0,0,0,0,0,0,0,0
231,2013,Perlis,KANGAR,002,51207,81,16,2,2,0,0,0,0,0,667,43309,0
232,2013,Perlis,ARAU,003,43876,88,8,2,3,0,0,0,0,0,525,38312,0
233,2013,Kedah,LANGKAWI,004,37536,91,6,2,1,0,0,0,0,0,744,31877,0
234,2013,Kedah,JERLUN,005,52383,91,8,0,2,0,0,0,0,0,730,45782,0
235,2013,Kedah,PENDANG,011,70135,88,6,1,6,0,0,0,0,0,759,62451,0
236,2013,Kedah,JERAI,012,74410,79,15,6,0,0,0,0,0,0,952,64614,0
237,2013,Kedah,SIK,013,46786,93,2,0,5,0,0,0,0,0,631,41992,0
238,2013,Kedah,MERBOK,014,85908,65,17,18,1,0,0,0,0,0,1329,74283,0
239,2013,Kedah,BALING,016,93168,89,5,5,2,0,0,0,0,0,1081,82904,0
240,2013,Kelantan,TUMPAT,019,98632,93,3,0,4,0,0,0,0,0,1086,82764,0
241,2013,Kelantan,BACHOK,025,81566,99,1,0,0,0,0,0,0,0,946,71583,0
242,2013,Kelantan,KETEREH,026,62217,97,2,0,1,0,0,0,0,0,876,53726,0
243,2013,Kelantan,MACHANG,029,59226,96,4,0,0,0,0,0,0,0,729,51244,0
244,2013,Kelantan,JELI,030,43224,99,0,0,1,0,0,0,0,0,422,37599,0
245,2013,Terengganu,BESUT,033,72566,98,2,0,0,0,0,0,0,0,641,62763,0
246,2013,Terengganu,SETIU,034,67280,100,0,0,0,0,0,0,0,0,686,59139,0
247,2013,Terengganu,MARANG,037,90795,98,2,0,0,0,0,0,0,0,800,81644,0
248,2013,Terengganu,DUNGUN,039,78174,96,4,0,0,0,0,0,0,0,909,68047,0
249,2013,Terengganu,KEMAMAN,040,91942,93,6,1,1,0,0,0,0,0,1229,79973,0
250,2013,Penang,BAGAN,043,68503,15,70,15,0,0,0,0,0,0,634,59735,0
251,2013,Penang,TANJONG,049,51487,5,86,9,0,0,0,0,0,0,495,42870,0
252,2013,Penang,JELUTONG,050,71247,22,67,11,1,0,0,0,0,0,769,61441,0
253,2013,Perak,GRIK,054,32725,68,16,4,13,0,0,0,0,0,494,27108,0
254,2013,Perak,LENGGONG,055,27950,82,14,2,2,0,0,0,0,0,368,23485,0
255,2013,Perak,LARUT,056,46577,89,5,6,0,0,0,0,0,0,579,39929,0
256,2013,Perak,TAIPING,060,78148,37,48,13,2,0,0,0,0,0,944,63749,0
257,2013,Perak,TAMBUN,063,89435,64,22,12,2,0,0,0,0,0,1191,76052,0
258,2013,Perak,BERUAS,068,49205,33,52,15,0,0,0,0,0,0,687,39508,0
259,2013,Perak,PARIT,069,33503,93,3,3,2,0,0,0,0,0,532,28541,0
260,2013,Perak,KAMPAR,070,63619,29,61,9,2,0,0,0,0,0,816,49142,0
261,2013,Perak,GOPENG,071,97092,43,46,9,2,0,0,0,0,0,1429,81236,0
262,2013,Perak,TAPAH,072,45485,46,28,13,13,0,0,0,0,0,1040,36843,0
263,2013,Perak,LUMUT,074,88300,51,35,12,1,0,0,0,0,0,1133,73581,0
264,2013,Pahang,LIPIS,079,32324,76,17,6,1,0,0,0,0,0,426,26986,0
265,2013,Pahang,RAUB,080,54214,50,40,6,4,0,0,0,0,0,927,44943,0
266,2013,Pahang,JERANTUT,081,58364,81,14,3,3,0,0,0,0,0,905,49461,0
267,2013,Pahang,KUANTAN,083,56280,63,33,4,1,0,0,0,0,0,570,47723,0
268,2013,Pahang,PEKAN,085,80260,88,2,1,9,0,0,0,0,0,1275,68218,0
269,2013,Pahang,MARAN,086,38436,90,7,1,2,0,0,0,0,0,572,32595,0
270,2013,Pahang,TEMERLOH,088,66105,64,24,9,3,0,0,0,0,0,977,56441,0
271,2013,Pahang,BENTONG,089,62266,45,44,9,3,0,0,0,0,0,988,52503,0
272,2013,Pahang,BERA,090,50997,59,32,4,5,0,0,0,0,0,965,42830,0
273,2013,Pahang,ROMPIN,091,53596,87,2,1,9,0,0,0,0,0,883,45849,0
274,2013,Selangor,SELAYANG,097,105895,45,36,17,2,0,0,0,0,0,1435,92315,0
275,2013,Selangor,GOMBAK,098,123290,74,13,11,2,0,0,0,0,0,1353,106747,0
276,2013,Selangor,AMPANG,099,83135,55,34,10,2,0,0,0,0,0,738,71398,0
277,2013,Selangor,PANDAN,100,83857,44,48,7,1,0,0,0,0,0,1022,73074,0
278,2013,Selangor,SERDANG,102,133139,39,49,11,1,0,0,0,0,0,1761,118031,0
279,2013,Selangor,PUCHONG,103,107010,39,44,16,2,0,0,0,0,0,1251,94325,0
280,2013,Selangor,PJ UTARA,106,85401,14,77,7,1,0,0,0,0,0,472,70614,0
281,2013,Selangor,SUBANG,107,128543,48,38,13,2,0,0,0,0,0,1669,112618,0
282,2013,Selangor,KAPAR,109,144159,51,34,14,2,0,0,0,0,0,2379,126709,0
283,2013,Selangor,KLANG,110,97073,32,46,20,2,0,0,0,0,0,1343,84096,0
284,2013,Selangor,SEPANG,113,84362,57,22,16,5,0,0,0,0,0,1219,74944,0
285,2013,FederalTerritories,KEPONG,114,68035,4,89,6,1,0,0,0,0,0,388,58512,0
286,2013,FederalTerritories,BATU,115,85402,44,38,16,2,0,0,0,0,0,606,71988,0
287,2013,FederalTerritories,SEGAMBUT,117,75631,33,53,12,2,0,0,0,0,0,485,64052,0
288,2013,FederalTerritories,SETIAWANGSA,118,62309,56,30,11,3,0,0,0,0,0,502,52730,0
289,2013,FederalTerritories,TITIWANGSA,119,55282,68,20,10,2,0,0,0,0,0,311,45513,0
290,2013,FederalTerritories,SEPUTEH,122,85976,5,88,6,1,0,0,0,0,0,302,71750,0
291,2013,FederalTerritories,CHERAS,123,72551,10,82,7,1,0,0,0,0,0,315,59404,0
292,2013,FederalTerritories,PUTRAJAYA,125,15791,94,1,3,2,0,0,0,0,0,73,14418,0
293,2013,NegriSembilan,JELEBU,126,44937,63,26,6,5,0,0,0,0,0,756,37883,0
294,2013,NegriSembilan,JEMPOL,127,65213,60,25,13,2,0,0,0,0,0,1097,54701,0
295,2013,NegriSembilan,SEREMBAN,128,102305,44,41,14,2,0,0,0,0,0,1486,87359,0
296,2013,NegriSembilan,RASAH,130,88403,28,48,22,2,0,0,0,0,0,1208,75651,0
297,2013,NegriSembilan,REMBAU,131,79661,70,12,16,1,0,0,0,0,0,1214,69288,0
298,2013,NegriSembilan,TAMPIN,133,57268,61,24,13,2,0,0,0,0,0,1042,48660,0
299,2013,Melaka,JASIN,139,64455,71,18,10,1,0,0,0,0,0,1001,56710,0
300,2013,Johor,SEGAMAT,140,47009,44,46,10,1,0,0,0,0,0,950,39807,0
301,2013,Johor,SEKIJANG,141,43066,56,39,5,1,0,0,0,0,0,587,37448,0
302,2013,Johor,LABIS,142,37714,36,47,15,2,0,0,0,0,0,689,31978,0
303,2013,Johor,PAGOH,143,46793,64,31,4,1,0,0,0,0,0,809,40515,0
304,2013,Johor,LEDANG,144,69316,53,41,5,1,0,0,0,0,0,1077,60348,0
305,2013,Johor,BAKRI,145,67202,44,53,2,1,0,0,0,0,0,1101,58270,0
306,2013,Johor,MUAR,146,48208,62,35,1,1,0,0,0,0,0,804,40892,0
307,2013,Johor,KLUANG,152,86732,39,49,10,2,0,0,0,0,0,1292,75081,0
308,2013,Johor,SEMBRONG,153,41588,58,31,9,3,0,0,0,0,0,809,35860,0
309,2013,Johor,MERSING,154,44497,79,16,1,5,0,0,0,0,0,678,37299,0
310,2013,Johor,TENGGARA,155,39694,72,18,7,4,0,0,0,0,0,676,34876,0
311,2013,Johor,PENGERANG,157,37999,88,10,1,2,0,0,0,0,0,698,32969,0
312,2013,Johor,TEBRAU,158,90482,47,38,13,2,0,0,0,0,0,1551,79754,0
313,2013,Johor,PULAI,161,100490,47,41,10,2,0,0,0,0,0,1486,85762,0
314,2013,Johor,KULAI,163,83991,33,56,10,1,0,0,0,0,0,1432,74896,0
315,2013,Johor,PONTIAN,164,49633,69,28,1,3,0,0,0,0,0,873,42754,0
316,2013,Sabah,LABUAN,166,24474,0,23,0,3,60,14,0,0,0,207,19356,0
317,2013,Sabah,KUDAT,167,47249,0,11,0,2,47,40,0,0,0,919,36355,0
318,2013,Sabah,TUARAN,170,48276,0,6,0,1,44,50,0,0,0,795,40748,0
319,2013,Sabah,SEPANGGAR,171,53374,0,19,0,3,52,26,0,0,0,1167,43416,0
320,2013,Sabah,PUTATAN,173,37490,0,19,0,3,63,15,0,0,0,665,29760,0
321,2013,Sabah,PENAMPANG,174,44323,0,32,0,2,16,50,0,0,0,454,36553,0
322,2013,Sabah,PAPAR,175,38771,0,9,0,1,60,30,0,0,0,499,33194,0
323,2013,Sabah,KIMANIS,176,26628,0,4,0,2,60,34,0,0,0,453,23128,0
324,2013,Sabah,BEAUFORT,177,30097,0,8,0,1,61,30,0,0,0,559,25949,0
325,2013,Sabah,SIPITANG,178,29177,0,4,0,1,58,36,0,0,0,539,24329,0
326,2013,Sabah,RANAU,179,39053,0,2,0,0,11,87,0,0,0,666,31396,0
327,2013,Sabah,KENINGAU,180,43691,0,10,0,1,18,70,0,0,0,555,36098,0
328,2013,Sabah,TENOM,181,25304,0,12,0,1,21,66,0,0,0,632,20926,0
329,2013,Sabah,PENSIANGAN,182,26194,0,1,0,1,12,86,0,0,0,483,21379,0
330,2013,Sabah,BELURAN,183,24688,0,1,0,3,40,56,0,0,0,552,18914,0
331,2013,Sabah,LIBARAN,184,39772,0,21,0,7,57,15,0,0,0,714,32017,0
332,2013,Sabah,SANDAKAN,186,37058,0,53,0,4,34,8,0,0,0,525,27889,0
333,2013,Sabah,KINABATANGAN,187,24748,0,1,0,6,42,52,0,0,0,654,19960,0
334,2013,Sabah,SILAM,188,51662,0,13,0,10,64,13,0,0,0,1077,39606,0
335,2013,Sabah,SEMPORNA,189,41549,0,2,0,2,96,1,0,0,0,985,31523,0
336,2013,Sabah,TAWAU,190,51538,0,38,0,8,50,4,0,0,0,789,39658,0
337,2013,Sabah,KALABAKAN,191,46793,0,11,0,12,70,6,0,0,0,1027,36132,0
338,2018,Perlis,KANGAR,002,55938,82,15,2,1,0,0,0,1166,11,0,0,0
339,2018,Perlis,ARAU,003,48187,88,8,2,3,0,0,0,488,4,0,0,0
340,2018,Kedah,LANGKAWI,004,42697,91,7,2,1,0,0,0,1588,3,0,0,0
341,2018,Kedah,JERLUN,005,54132,91,7,0,2,0,0,0,55,4,0,0,0
342,2018,Kedah,PENDANG,011,74867,89,5,1,6,0,0,0,197,4,0,0,0
343,2018,Kedah,JERAI,012,79976,80,14,6,0,0,0,0,295,11,0,0,0
344,2018,Kedah,SIK,013,50385,93,2,0,5,0,0,0,190,2,0,0,0
345,2018,Kedah,MERBOK,014,87782,69,15,15,1,0,0,0,5670,24,0,0,0
346,2018,Kedah,BALING,016,107213,89,4,5,2,0,0,0,363,7,0,0,0
347,2018,Kelantan,TUMPAT,019,110924,93,3,0,4,0,0,0,421,17,0,0,0
348,2018,Kelantan,BACHOK,025,92606,99,1,0,0,0,0,0,261,9,0,0,0
349,2018,Kelantan,KETEREH,026,65238,97,2,0,1,0,0,0,4044,7,0,0,0
350,2018,Kelantan,MACHANG,029,68387,97,3,0,0,0,0,0,300,5,0,0,0
351,2018,Kelantan,JELI,030,47470,98,0,0,1,0,0,0,2950,0,0,0,0
352,2018,Terengganu,BESUT,033,86627,98,1,0,0,0,0,0,1753,9,0,0,0
353,2018,Terengganu,SETIU,034,86247,100,0,0,0,0,0,0,334,6,0,0,0
354,2018,Terengganu,MARANG,037,104898,98,2,0,0,0,0,0,827,19,0,0,0
355,2018,Terengganu,DUNGUN,039,90506,96,3,0,0,0,0,0,582,17,0,0,0
356,2018,Terengganu,KEMAMAN,040,107593,94,5,1,1,0,0,0,442,11,0,0,0
357,2018,Penang,BAGAN,043,71583,13,71,15,0,0,0,0,184,6,0,0,0
358,2018,Penang,TANJONG,049,49586,6,84,9,0,0,0,0,876,3,0,0,0
359,2018,Penang,JELUTONG,050,76991,23,65,11,1,0,0,0,852,13,0,0,0
360,2018,Perak,GERIK,054,35903,69,14,3,13,0,0,0,3587,4,0,0,0
361,2018,Perak,LENGGONG,055,29752,84,13,1,2,0,0,0,52,4,0,0,0
362,2018,Perak,LARUT,056,49453,90,4,6,0,0,0,0,237,7,0,0,0
363,2018,Perak,TAIPING,060,90729,39,46,13,1,0,0,0,5079,24,0,0,0
364,2018,Perak,TAMBUN,063,107763,67,20,11,2,0,0,0,4709,21,0,0,0
365,2018,Perak,BERUAS,068,79794,26,59,14,0,0,0,0,194,18,0,0,0
366,2018,Perak,PARIT,069,35910,93,2,3,2,0,0,0,481,5,0,0,0
367,2018,Perak,KAMPAR,070,69436,33,55,9,2,0,0,0,402,16,0,0,0
368,2018,Perak,GOPENG,071,99167,43,46,9,3,0,0,0,978,53,0,0,0
369,2018,Perak,TAPAH,072,47128,47,26,15,13,0,0,0,1939,15,0,0,0
370,2018,Perak,LUMUT,074,67157,72,15,11,1,0,0,0,11900,13,0,0,0
371,2018,Pahang,LIPIS,079,35294,78,16,5,1,0,0,0,1071,3,0,0,0
372,2018,Pahang,RAUB,080,57723,52,38,6,4,0,0,0,493,8,0,0,0
373,2018,Pahang,JERANTUT,081,63609,82,13,3,2,0,0,0,398,6,0,0,0
374,2018,Pahang,KUANTAN,083,62696,67,30,3,1,0,0,0,1881,15,0,0,0
375,2018,Pahang,PEKAN,085,88899,88,2,1,9,0,0,0,6824,14,0,0,0
376,2018,Pahang,MARAN,086,41036,90,6,2,2,0,0,0,263,3,0,0,0
377,2018,Pahang,TEMERLOH,088,75081,67,23,8,3,0,0,0,2942,14,0,0,0
378,2018,Pahang,BENTONG,089,67359,47,42,9,3,0,0,0,1660,17,0,0,0
379,2018,Pahang,BERA,090,58711,62,29,4,5,0,0,0,1615,8,0,0,0
380,2018,Pahang,ROMPIN,091,61918,88,2,1,9,0,0,0,685,2,0,0,0
381,2018,Selangor,SELAYANG,097,116176,53,29,18,1,0,0,0,832,26,0,0,0
382,2018,Selangor,GOMBAK,098,141112,77,11,11,2,0,0,0,304,102,0,0,0
383,2018,Selangor,AMPANG,099,91737,56,35,9,1,0,0,0,22,46,0,0,0
384,2018,Selangor,PANDAN,100,101319,46,46,7,1,0,0,0,825,42,0,0,0
385,2018,Selangor,BANGI,102,178790,49,39,11,1,0,0,0,1462,119,0,0,0
386,2018,Selangor,PUCHONG,103,96437,37,52,10,1,0,0,0,430,30,0,0,0
387,2018,Selangor,SUBANG,104,146422,27,57,15,2,0,0,0,1593,118,0,0,0
388,2018,Selangor,DAMANSARA,106,164322,20,69,9,1,0,0,0,500,79,0,0,0
389,2018,Selangor,KAPAR,109,124983,71,15,14,1,0,0,0,397,21,0,0,0
390,2018,Selangor,KLANG,110,149348,27,55,17,1,0,0,0,1283,43,0,0,0
391,2018,Selangor,SEPANG,113,104508,63,20,14,3,0,0,0,1548,53,0,0,0
392,2018,FederalTerritories,KEPONG,114,72696,5,89,6,1,0,0,0,284,20,0,0,0
393,2018,FederalTerritories,BATU,115,76328,43,38,17,2,0,0,0,3614,21,0,0,0
394,2018,FederalTerritories,SEGAMBUT,117,77956,28,59,12,2,0,0,0,21,83,0,0,0
395,2018,FederalTerritories,SETIAWANGSA,118,72136,62,26,10,2,0,0,0,17398,52,0,0,0
396,2018,FederalTerritories,TITIWANGSA,119,61598,72,17,9,2,0,0,0,2695,35,0,0,0
397,2018,FederalTerritories,SEPUTEH,122,86256,9,82,8,1,0,0,0,79,53,0,0,0
398,2018,FederalTerritories,CHERAS,123,78819,10,83,7,1,0,0,0,457,24,0,0,0
399,2018,FederalTerritories,PUTRAJAYA,125,27306,95,1,3,1,0,0,0,823,75,0,0,0
400,2018,NegriSembilan,JELEBU,126,48522,65,24,6,5,0,0,0,1720,4,0,0,0
401,2018,NegriSembilan,JEMPOL,127,72122,64,23,12,1,0,0,0,420,6,0,0,0
402,2018,NegriSembilan,SEREMBAN,128,110168,49,37,13,1,0,0,0,1888,50,0,0,0
403,2018,NegriSembilan,RASAH,130,102838,30,48,21,2,0,0,0,2547,43,0,0,0
404,2018,NegriSembilan,REMBAU,131,88365,74,10,15,1,0,0,0,1153,43,0,0,0
405,2018,NegriSembilan,TAMPIN,133,60765,63,24,12,2,0,0,0,5340,7,0,0,0
406,2018,Melaka,JASIN,139,73432,74,16,10,0,0,0,0,410,9,0,0,0
407,2018,Johor,SEGAMAT,140,55350,47,43,10,1,0,0,0,2297,10,0,0,0
408,2018,Johor,SEKIJANG,141,45596,59,36,4,0,0,0,0,7,10,0,0,0
409,2018,Johor,LABIS,142,40356,38,45,15,2,0,0,0,66,8,0,0,0
410,2018,Johor,PAGOH,143,51512,66,30,4,1,0,0,0,105,3,0,0,0
411,2018,Johor,LEDANG,144,77474,56,39,5,1,0,0,0,398,21,0,0,0
412,2018,Johor,BAKRI,145,73883,44,53,2,0,0,0,0,1194,16,0,0,0
413,2018,Johor,MUAR,146,50843,67,32,1,0,0,0,0,643,13,0,0,0
414,2018,Johor,KLUANG,152,96915,42,48,9,1,0,0,0,6229,36,0,0,0
415,2018,Johor,SEMBRONG,153,44137,61,29,9,2,0,0,0,51,4,0,0,0
416,2018,Johor,MERSING,154,48176,82,14,1,3,0,0,0,2293,11,0,0,0
417,2018,Johor,TENGGARA,155,44749,75,16,7,2,0,0,0,1924,8,0,0,0
418,2018,Johor,PENGERANG,157,40479,90,9,1,1,0,0,0,1080,5,0,0,0
419,2018,Johor,TEBRAU,158,123033,48,39,12,1,0,0,0,221,19,0,0,0
420,2018,Johor,PULAI,161,106268,49,39,10,1,0,0,0,1779,41,0,0,0
421,2018,Johor,KULAI,163,99147,35,54,10,1,0,0,0,738,23,0,0,0
422,2018,Johor,PONTIAN,164,55570,69,30,1,0,0,0,0,100,9,0,0,0
423,2018,Sabah,LABUAN,166,28356,44,21,0,5,0,0,30,26042,2309,0,0,0
424,2018,Sabah,KUDAT,167,52251,8,10,0,10,0,0,73,51692,559,0,0,0
425,2018,Sabah,TUARAN,170,54400,6,6,0,2,0,0,87,54206,192,0,0,0
426,2018,Sabah,SEPANGGAR,171,62415,19,20,0,6,0,0,55,59390,3014,0,0,0
427,2018,Sabah,PUTATAN,173,41312,24,16,0,7,0,0,53,37567,3740,0,0,0
428,2018,Sabah,PENAMPANG,174,53131,6,35,0,2,0,0,57,51097,2027,0,0,0
429,2018,Sabah,PAPAR,175,43586,11,8,0,5,0,0,76,42684,899,0,0,0
430,2018,Sabah,KIMANIS,176,29618,12,4,0,5,0,0,79,29607,9,0,0,0
431,2018,Sabah,BEAUFORT,177,33342,9,7,0,3,0,0,81,33142,199,0,0,0
432,2018,Sabah,SIPITANG,178,31882,11,4,0,3,0,0,82,31739,143,0,0,0
433,2018,Sabah,RANAU,179,43706,4,2,0,1,0,0,93,43531,175,0,0,0
434,2018,Sabah,KENINGAU,180,51177,6,10,0,2,0,0,82,50888,285,0,0,0
435,2018,Sabah,TENOM,181,29182,10,11,0,2,0,0,77,29019,160,0,0,0
436,2018,Sabah,PENSIANGAN,182,31377,3,2,0,1,0,0,94,31368,9,0,0,0
437,2018,Sabah,BELURAN,183,28509,10,1,0,6,0,0,82,28354,155,0,0,0
438,2018,Sabah,LIBARAN,184,47914,30,17,0,14,0,0,39,46666,1245,0,0,0
439,2018,Sabah,SANDAKAN,186,39777,16,51,0,7,0,0,26,39494,279,0,0,0
440,2018,Sabah,KINABATANGAN,187,28730,17,1,0,6,0,0,76,28549,181,0,0,0
441,2018,Sabah,SILAM,188,60942,28,11,0,11,0,0,50,59104,1837,0,0,0
442,2018,Sabah,SEMPORNA,189,48248,12,2,0,3,0,0,84,47198,1050,0,0,0
443,2018,Sabah,TAWAU,190,59919,37,35,0,11,0,0,17,59083,830,0,0,0
444,2018,Sabah,KALABAKAN,191,52199,51,9,0,21,0,0,20,49251,2945,0,0,0
445,2018,Sarawak,SANTUBONG,193,45628,0,8,0,0,81,11,0,184,3,0,0,0
446,2018,Sarawak,STAMPIN,196,66240,0,64,0,1,16,18,0,4299,22,0,0,0
447,2018,Sarawak,PUNCAK BORNEO,198,46180,0,26,0,1,5,68,0,1065,2,0,0,0
448,2018,Sarawak,SERIAN,199,37629,0,10,0,1,8,81,0,188,1,0,0,0
449,2018,Sarawak,BETONG,204,29145,0,7,0,0,38,55,0,129,0,0,0,0
450,2018,Sarawak,SARATOK,205,30517,0,6,0,1,36,57,0,132,1,0,0,0
451,2018,Sarawak,IGAN,207,19592,0,4,0,0,7,89,0,88,1,0,0,0
452,2018,Sarawak,SARIKEI,208,39561,0,63,0,1,5,32,0,372,0,0,0,0
453,2018,Sarawak,JULAU,209,25380,0,5,0,2,1,93,0,56,0,0,0,0
454,2018,Sarawak,KANOWIT,210,21022,0,12,0,1,2,86,0,72,1,0,0,0
455,2018,Sarawak,LANANG,211,61973,0,69,0,1,4,27,0,1250,5,0,0,0
456,2018,Sarawak,SIBU,212,74149,0,63,0,1,12,25,0,3188,10,0,0,0
457,2018,Sarawak,MUKAH,213,30608,0,9,0,1,7,84,0,204,1,0,0,0
458,2018,Sarawak,SELANGAU,214,30026,0,3,0,1,1,94,0,75,0,0,0,0
459,2018,Sarawak,KAPIT,215,30658,0,9,0,1,3,87,0,157,1,0,0,0
460,2018,Sarawak,BINTULU,217,65049,0,29,0,1,11,60,0,548,3,0,0,0
461,2018,Sarawak,SIBUTI,218,31868,0,22,0,1,24,54,0,967,2,0,0,0
462,2018,Sarawak,MIRI,219,80386,0,55,0,1,16,28,0,995,11,0,0,0
463,2018,Sarawak,BARAM,220,35685,0,8,0,1,5,86,0,90,1,0,0,0
464,2018,Sarawak,LIMBANG,221,26409,0,18,0,1,28,53,0,376,2,0,0,0
465,2018,Sarawak,LAWAS,222,21297,0,10,0,1,41,49,0,119,1,0,0,0
