,registered_voters,majority,spoilt_votes,unreturned_votes,voter_turnout,voter_turnout_percentage,parliament_code_digits,constituency,state,ethnicity_B/P Sabah,ethnicity_B/P Sarawak,ethnicity_Chinese,ethnicity_Indian,ethnicity_Malay,ethnicity_Orang Asli (Pen. Msia),ethnicity_Others,ethnicity_Muslim bumiputra
0,10111,142,182,0,8018,79.3,001-001,TITI TINGGI (P1),Perlis,0.08,0.14,19.29,2.13,77.83,0.01,0.53,0.0
1,8914,416,128,0,7027,78.8,001-002,BESERI (P1),Perlis,0.08,0.21,16.83,0.74,81.33,0.0,0.81,0.0
2,10542,1367,221,0,8624,81.8,001-003,CHUPING (P1),Perlis,0.01,0.02,1.98,0.58,85.78,0.0,11.63,0.0
3,7617,720,146,0,6339,83.2,001-004,MATA AYER (P1),Perlis,1.58,3.61,2.59,0.7,90.77,0.08,0.68,0.0
4,8912,949,102,0,0,0.0,001-005,SANTAN (P1),Perlis,0.03,0.02,0.44,0.1,99.28,0.0,0.12,0.0
5,12136,847,198,0,10064,82.9,002-006,BINTONG (P2),Perlis,0.06,0.04,2.51,1.18,95.99,0.0,0.22,0.0
6,12303,314,116,0,10113,82.2,002-007,SENA (P2),Perlis,0.12,0.16,8.02,2.72,86.52,0.01,2.45,0.0
7,11018,3177,114,0,8857,80.4,002-008,INDERA KAYANGAN (P2),Perlis,0.07,0.07,43.94,3.79,50.62,0.0,1.51,0.0
8,10654,1254,144,0,8496,79.7,002-009,KUALA PERLIS (P2),Perlis,0.02,0.09,20.53,0.11,78.74,0.0,0.51,0.0
9,9827,435,163,0,8166,83.1,002-010,KAYANG (P2),Perlis,0.09,0.07,2.01,0.33,96.14,0.0,1.35,0.0
10,11200,143,196,0,9310,83.1,003-011,PAUH (P3),Perlis,0.25,0.13,14.63,5.76,77.58,0.0,1.65,0.0
11,10535,1180,148,0,8915,84.6,003-012,TAMBUN TULANG (P3),Perlis,0.06,0.08,4.45,0.68,83.76,0.02,10.95,0.0
12,9233,328,103,0,7725,83.7,003-013,GUAR SANJI (P3),Perlis,0.04,0.04,2.04,0.38,97.36,0.01,0.13,0.0
13,8547,82,121,0,7704,90.1,003-014,SIMPANG EMPAT (P3),Perlis,0.04,0.02,8.82,0.33,90.62,0.0,0.18,0.0
14,8672,42,116,0,7408,85.4,003-015,SANGLANG (P3),Perlis,0.03,0.03,7.39,0.15,92.2,0.0,0.18,0.0
15,15369,2375,307,0,0,0.0,054-001,PENGKALAN HULU (P54),Perak,0.63,0.87,8.59,5.3,74.05,3.73,6.83,0.0
16,20534,3935,339,0,0,0.0,054-002,TEMENGOR (P54),Perak,0.49,0.82,18.15,1.79,65.39,13.07,0.3,0.0
17,16965,3268,241,0,13622,80.3,055-003,KENERING (P55),Perak,0.04,0.05,10.75,0.73,84.49,3.73,0.21,0.0
18,12787,2302,150,0,10097,79.0,055-004,KOTA TAMPAN (P55),Perak,0.1,0.05,15.26,2.38,82.1,0.02,0.09,0.0
19,16483,289,235,0,13653,82.8,056-005,SELAMA (P56),Perak,0.08,0.05,7.91,5.78,86.06,0.0,0.11,0.0
20,16615,180,293,0,13407,80.7,056-006,KUBU GAJAH (P56),Perak,0.04,0.05,1.86,3.38,94.37,0.01,0.29,0.0
21,16355,2308,269,0,13406,82.0,056-007,BATU KURAU (P56),Perak,0.03,0.01,3.27,7.81,88.6,0.01,0.28,0.0
22,26726,140,265,0,22369,83.7,057-008,TITI SERONG (P57),Perak,0.06,0.01,16.88,7.89,74.96,0.0,0.19,0.0
23,25134,2643,273,0,20976,83.5,057-009,KUALA KURAU (P57),Perak,0.04,0.03,35.08,1.42,63.38,0.0,0.05,0.0
24,20901,1162,336,0,16983,81.3,058-010,ALOR PONGSU (P58),Perak,0.03,0.02,10.91,14.61,74.35,0.0,0.09,0.0
25,20510,1903,258,0,16826,82.0,058-011,GUNONG SEMANGGOL (P58),Perak,0.06,0.06,10.46,4.22,84.96,0.0,0.23,0.0
26,17882,97,232,0,14573,81.5,058-012,SELINSING (P58),Perak,0.01,0.03,17.98,7.97,73.91,0.0,0.1,0.0
27,29294,329,334,0,24363,83.2,059-013,KUALA SEPETANG (P59),Perak,0.04,0.06,25.85,7.68,66.26,0.0,0.11,0.0
28,26848,1922,250,0,22329,83.2,059-014,CHANGKAT JERING (P59),Perak,0.04,0.05,13.62,8.98,76.97,0.0,0.34,0.0
29,13731,1898,209,0,11173,81.4,059-015,TRONG (P59),Perak,0.04,0.04,14.41,8.86,76.5,0.03,0.12,0.0
30,30000,1780,471,0,23980,79.9,060-016,KAMUNTING (P60),Perak,0.46,1.27,17.28,12.45,67.97,0.06,0.5,0.0
31,28590,12032,418,0,22409,78.4,060-017,POKOK ASSAM (P60),Perak,0.21,0.59,66.68,10.56,21.5,0.04,0.41,0.0
32,32139,12064,583,0,0,0.0,060-018,AULONG (P60),Perak,0.03,0.04,55.56,16.96,26.98,0.0,0.42,0.0
33,14420,2370,158,0,11865,82.3,061-019,CHENDEROH (P61),Perak,0.03,0.06,13.61,5.3,80.89,0.0,0.1,0.0
34,16576,409,181,0,13835,83.5,061-020,LUBOK MERBAU (P61),Perak,0.01,0.01,16.99,7.82,75.01,0.01,0.16,0.0
35,25389,4582,383,0,0,0.0,062-021,LINTANG (P62),Perak,0.03,0.04,16.62,13.37,56.49,13.34,0.11,0.0
36,29613,9602,400,0,23137,78.1,062-022,JALONG (P62),Perak,0.07,0.05,53.13,27.33,15.24,3.97,0.2,0.0
37,57817,3532,539,0,48194,83.4,063-023,MANJOI (P63),Perak,0.05,0.06,16.18,10.36,72.9,0.01,0.43,0.0
38,49946,3713,859,0,40659,81.4,063-024,HULU KINTA (P63),Perak,0.32,0.63,24.9,12.64,58.7,2.32,0.48,0.0
39,32215,18292,206,0,24603,76.4,064-025,CANNING (P64),Perak,0.08,0.14,82.08,8.62,8.31,0.03,0.74,0.0
40,26052,3927,231,0,21094,81.0,064-026,TEBING TINGGI (P64),Perak,0.15,0.15,33.73,8.49,57.21,0.02,0.26,0.0
41,33219,20856,200,0,26010,78.3,064-027,PASIR PINJI (P64),Perak,0.03,0.01,92.28,2.61,4.9,0.01,0.17,0.0
42,36116,20709,292,0,29039,80.4,065-028,BERCHAM (P65),Perak,0.03,0.04,73.76,12.01,13.83,0.03,0.29,0.0
43,20864,9495,182,0,15560,74.6,065-029,KEPAYANG (P65),Perak,0.05,0.11,68.29,13.77,17.15,0.03,0.59,0.0
44,27894,15323,371,0,22259,79.8,065-030,BUNTONG (P65),Perak,0.04,0.04,45.59,48.45,5.25,0.01,0.61,0.0
45,24729,15187,206,0,19910,80.5,066-031,JELAPANG (P66),Perak,0.02,0.02,72.03,23.53,4.01,0.01,0.36,0.0
46,29743,17948,222,0,23579,79.3,066-032,MENGLEMBU (P66),Perak,0.03,0.01,87.12,8.06,4.45,0.03,0.3,0.0
47,26927,10501,285,0,20299,75.4,066-033,TRONOH (P66),Perak,0.07,0.11,64.36,13.67,21.47,0.1,0.23,0.0
48,17311,464,253,0,14390,83.1,067-034,BUKIT CHANDAN (P67),Perak,0.1,0.1,22.0,6.62,68.72,2.22,0.24,0.0
49,19643,571,207,0,16660,84.8,067-035,MANONG (P67),Perak,0.05,0.02,21.25,6.61,71.81,0.02,0.25,0.0
50,18076,1624,302,0,14280,79.0,068-036,PENGKALAN BAHARU (P68),Perak,0.02,0.05,21.25,10.47,68.07,0.01,0.14,0.0
51,32346,13316,498,0,24477,75.7,068-037,PANTAI REMIS (P68),Perak,0.02,0.02,67.16,17.41,15.22,0.01,0.16,0.0
52,29372,15176,325,0,22847,77.8,068-038,ASTAKA (P68),Perak,0.22,0.14,73.93,12.59,12.86,0.01,0.24,0.0
53,14946,2729,187,0,14946,100.0,069-039,BELANJA (P69),Perak,0.05,0.03,5.08,5.49,87.15,1.95,0.25,0.0
54,20964,1822,258,0,17409,83.0,069-040,BOTA (P69),Perak,0.08,0.11,0.21,0.43,97.18,1.8,0.18,0.0
55,22918,6082,319,0,17041,74.4,070-041,MALIM NAWAR (P70),Perak,0.05,0.05,70.79,8.28,20.46,0.11,0.26,0.0
56,21605,8041,214,0,16363,75.7,070-042,KERANJI (P70),Perak,0.07,0.06,74.47,10.02,13.67,1.42,0.29,0.0
57,24913,1099,449,0,20161,80.9,070-043,TUALANG SEKAH (P70),Perak,0.03,0.05,24.63,9.22,62.38,3.51,0.18,0.0
58,31878,3614,284,0,26346,82.6,071-044,SUNGAI RAPAT (P71),Perak,0.11,0.09,23.19,11.32,64.76,0.1,0.41,0.0
59,43055,20689,228,0,35094,81.5,071-045,SIMPANG PULAI (P71),Perak,0.05,0.05,62.5,6.82,30.23,0.13,0.23,0.0
60,24234,4390,321,0,19131,78.9,071-046,TEJA (P71),Perak,0.06,0.07,46.71,10.33,34.51,8.2,0.13,0.0
61,22591,39,365,0,17441,77.2,072-047,CHENDERIANG (P72),Perak,0.11,0.14,29.49,14.44,34.27,21.11,0.45,0.0
62,24537,2087,409,0,19668,80.2,072-048,AYER KUNING (P72),Perak,0.06,0.06,22.46,14.15,57.27,5.46,0.54,0.0
63,26310,1939,396,0,21309,81.0,073-049,SUNGAI MANIK (P73),Perak,0.04,0.03,26.05,4.78,66.18,2.77,0.14,0.0
64,28361,3345,547,0,23198,81.8,073-050,KAMPONG GAJAH (P73),Perak,0.05,0.06,0.63,2.3,94.08,2.72,0.16,0.0
65,42402,1219,470,0,35494,83.7,074-051,PASIR PANJANG (P74),Perak,0.46,0.14,9.41,14.95,74.75,0.01,0.28,0.0
66,24755,1626,628,0,19547,79.0,074-052,PANGKOR (P74),Perak,0.74,1.56,24.46,5.44,67.41,0.06,0.34,0.0
67,16067,3069,281,0,16067,100.0,075-053,RUNGKUP (P75),Perak,0.2,0.04,22.37,8.3,68.46,0.0,0.62,0.0
68,31242,741,593,0,25048,80.2,075-054,HUTAN MELINTANG (P75),Perak,0.44,0.2,15.32,28.49,54.11,0.03,1.41,0.0
69,31439,14520,226,0,25699,81.7,076-055,PASIR BEDAMAR (P76),Perak,0.01,0.03,70.41,13.79,15.5,0.0,0.26,0.0
70,35048,67,578,0,28893,82.4,076-056,CHANGKAT JONG (P76),Perak,0.03,0.04,12.89,22.99,63.25,0.4,0.4,0.0
71,17128,6493,286,0,13612,79.5,077-057,SUNGKAI (P77),Perak,0.03,0.06,58.71,16.65,19.04,5.17,0.33,0.0
72,23377,2183,350,0,19060,81.5,077-058,SLIM (P77),Perak,0.06,0.06,10.42,13.19,74.61,1.49,0.17,0.0
73,27963,409,412,0,22938,82.0,077-059,BEHRANG (P77),Perak,0.07,0.08,17.9,10.66,62.01,8.58,0.7,0.0
74,21484,877,341,0,17881,83.2,140-001,BULOH KASAP (P140),Johor,0.03,0.05,30.25,12.87,56.37,0.2,0.23,0.0
75,33866,7001,557,0,28296,83.6,140-002,JEMENTAH (P140),Johor,0.47,0.5,50.71,8.32,39.73,0.04,0.23,0.0
76,22314,363,393,0,18843,84.4,141-003,PEMANIS (P141),Johor,0.02,0.06,33.41,2.79,63.27,0.01,0.44,0.0
77,23282,2355,296,0,19687,84.6,141-004,KEMELAH (P141),Johor,0.03,0.03,38.78,5.17,55.38,0.34,0.27,0.0
78,18398,1070,227,0,15270,83.0,142-005,TENANG (P142),Johor,0.06,0.04,37.68,10.81,49.61,1.62,0.18,0.0
79,21958,2457,324,0,17325,78.9,142-006,BEKOK (P142),Johor,0.07,0.05,51.02,17.93,28.24,2.4,0.29,0.0
80,28992,1273,383,0,24352,84.0,143-007,BUKIT KEPONG (P143),Johor,0.02,0.03,26.9,3.12,69.17,0.61,0.14,0.0
81,22520,1883,1382,0,19305,85.7,143-008,BUKIT PASIR (P143),Johor,0.06,0.05,33.43,4.48,61.83,0.0,0.15,0.0
82,22726,3088,383,0,19740,86.9,144-009,GAMBIR (P144),Johor,0.05,0.03,36.6,3.73,59.45,0.0,0.14,0.0
83,26354,5077,563,0,22583,85.7,144-010,TANGKAK (P144),Johor,0.08,0.03,49.28,9.31,39.97,1.05,0.28,0.0
84,28394,2324,359,0,24389,85.9,144-011,SEROM (P144),Johor,0.04,0.05,31.47,0.85,67.46,0.0,0.13,0.0
85,27856,13629,253,0,23234,83.4,145-012,BENTAYAN (P145),Johor,0.06,0.03,73.8,2.26,23.55,0.0,0.29,0.0
86,28193,7687,235,0,24069,85.4,145-013,SIMPANG JERAM (P145),Johor,0.05,0.06,43.32,2.75,53.42,0.0,0.4,0.0
87,17834,1552,206,0,15330,86.0,145-014,BUKIT NANING (P145),Johor,0.15,0.16,36.42,1.05,61.99,0.01,0.22,0.0
88,27900,5674,299,0,23397,83.9,146-015,MAHARANI (P146),Johor,0.11,0.1,36.13,2.27,60.97,0.01,0.42,0.0
89,22943,174,392,0,19470,84.9,146-016,SUNGAI BALANG (P146),Johor,0.03,0.04,25.81,0.18,73.71,0.02,0.2,0.0
90,35557,98,392,0,19470,54.8,147-017,SEMERAH (P147),Johor,0.04,0.05,28.55,0.59,70.54,0.01,0.21,0.0
91,24052,6040,363,0,20811,86.5,147-018,SRI MEDAN (P147),Johor,0.02,0.05,9.0,0.32,90.28,0.07,0.26,0.0
92,24903,5089,300,0,21113,84.8,148-019,YONG PENG (P148),Johor,0.03,0.04,59.58,6.75,33.32,0.01,0.28,0.0
93,21254,5842,242,0,18372,86.4,148-020,SEMARANG (P148),Johor,0.02,0.04,12.65,0.8,86.23,0.0,0.25,0.0
94,26635,4834,237,0,23158,86.9,149-021,PARIT YAANI (P149),Johor,0.09,0.03,41.2,0.88,57.51,0.02,0.28,0.0
95,25484,638,638,0,22037,86.5,149-022,PARIT RAJA (P149),Johor,0.05,0.05,24.77,2.06,72.83,0.0,0.24,0.0
96,49750,17205,420,0,42257,84.9,150-023,PENGGARAM (P150),Johor,0.09,0.08,59.95,2.16,37.34,0.01,0.36,0.0
97,27587,809,394,0,23493,85.2,150-024,SENGGARANG (P150),Johor,0.04,0.04,34.56,0.54,64.36,0.11,0.36,0.0
98,21206,4172,329,0,17818,84.0,150-025,RENGIT (P150),Johor,0.05,0.02,16.48,0.24,82.59,0.31,0.31,0.0
99,24156,404,421,0,20445,84.6,151-026,MACHAP (P151),Johor,0.05,0.06,29.75,4.92,64.73,0.01,0.48,0.0
100,19842,364,336,0,16257,81.9,151-027,LAYANG-LAYANG (P151),Johor,0.22,0.15,32.08,13.62,53.37,0.02,0.55,0.0
101,48365,19226,560,0,40657,84.1,152-028,MENGKIBOL (P152),Johor,0.05,0.05,61.37,12.18,26.04,0.01,0.29,0.0
102,48550,1668,550,0,41185,84.8,152-029,MAHKOTA (P152),Johor,0.55,1.33,33.66,6.6,57.15,0.07,0.64,0.0
103,21399,783,366,0,17633,82.4,153-030,PALOH (P153),Johor,0.03,0.03,37.14,14.97,46.41,1.0,0.43,0.0
104,22738,2861,375,0,19132,84.1,153-031,KAHANG (P153),Johor,0.05,0.06,21.63,2.73,73.64,1.61,0.29,0.0
105,19538,3080,343,0,15282,78.2,154-032,ENDAU (P154),Johor,0.11,0.04,13.19,0.7,81.62,4.02,0.32,0.0
106,28638,5765,550,0,23025,80.4,154-033,TENGGAROH (P154),Johor,0.67,0.98,15.03,1.63,81.33,0.09,0.26,0.0
107,25751,3424,248,0,21779,84.6,155-034,PANTI (P155),Johor,0.05,0.1,14.27,5.65,78.43,0.92,0.59,0.0
108,18998,1847,398,0,16012,84.3,155-035,PASIR RAJA (P155),Johor,0.88,2.53,18.65,7.84,69.6,0.07,0.43,0.0
109,21456,9168,335,0,18162,84.6,156-036,SEDILI (P156),Johor,0.03,0.07,2.06,0.84,96.57,0.14,0.27,0.0
110,25221,5807,336,0,21256,84.3,156-037,JOHOR LAMA (P156),Johor,0.08,0.11,15.4,2.71,81.37,0.02,0.31,0.0
111,21490,7134,255,0,18121,84.3,157-038,PENAWAR (P157),Johor,0.06,0.05,0.28,0.74,98.36,0.36,0.15,0.0
112,18989,4522,303,0,15459,81.4,157-039,TANJUNG SURAT (P157),Johor,0.3,0.34,18.59,0.8,79.71,0.05,0.22,0.0
113,60686,8098,735,0,51234,84.4,158-040,TIRAM (P158),Johor,0.35,0.99,28.48,12.74,56.02,0.16,1.26,0.0
114,62347,24959,546,0,54188,86.9,158-041,PUTERI WANGSA (P158),Johor,0.2,0.36,49.95,10.38,38.6,0.0,0.51,0.0
115,61079,15565,0,0,40622,66.5,159-042,JOHOR JAYA (P159),Johor,1.25,0.95,47.28,7.33,42.29,0.02,0.87,0.0
116,63093,8746,699,0,53929,85.5,159-043,PERMAS (P159),Johor,1.43,1.85,27.11,13.46,55.28,0.13,0.75,0.0
117,55858,8590,495,0,45341,81.2,160-044,LARKIN (P160),Johor,0.14,0.18,29.91,5.66,63.43,0.01,0.67,0.0
118,45551,12470,0,0,0,0.0,160-045,STULANG (P160),Johor,0.22,0.32,54.8,4.53,39.4,0.03,0.7,0.0
119,62895,19533,524,0,52222,83.0,161-046,PERLING (P161),Johor,0.33,0.37,43.44,11.0,43.87,0.28,0.71,0.0
120,43373,9178,350,0,35883,82.7,161-047,KEMPAS (P161),Johor,0.24,0.36,33.05,9.22,56.59,0.0,0.53,0.0
121,70928,35126,726,0,60440,85.2,162-048,SKUDAI (P162),Johor,0.19,0.35,64.32,12.23,22.59,0.01,0.31,0.0
122,67371,14543,920,0,58335,86.6,162-049,KOTA ISKANDAR (P162),Johor,0.22,0.29,34.5,12.69,51.46,0.44,0.41,0.0
123,24275,2531,278,0,21178,87.2,163-050,BUKIT PERMAI (P163),Johor,0.11,0.13,33.99,12.17,53.15,0.01,0.44,0.0
124,30216,10057,306,0,26400,87.4,163-051,BUKIT BATU (P163),Johor,0.09,0.14,57.99,7.19,34.21,0.02,0.36,0.0
125,44656,18902,483,0,38225,85.6,163-052,SENAI (P163),Johor,0.33,0.24,62.27,11.27,25.57,0.01,0.3,0.0
126,20894,4447,358,0,17750,85.0,164-053,BENUT (P164),Johor,0.03,0.02,17.63,0.17,81.63,0.13,0.39,0.0
127,34676,3395,376,0,0,0.0,164-054,PULAI SEBATANG (P164),Johor,0.06,0.08,37.62,1.55,60.17,0.03,0.5,0.0
128,26608,1308,554,0,22997,86.4,165-055,PEKAN NANAS (P165),Johor,0.06,0.09,45.11,1.02,53.36,0.01,0.35,0.0
129,26920,862,422,0,22863,84.9,165-056,KUKUP (P165),Johor,0.11,0.08,38.21,0.99,60.2,0.01,0.4,0.0
130,27395,1579,361,0,20796,75.9,019-001,PENGKALAN KUBOR (P19),Kelantan,0.01,0.1,0.93,0.11,92.32,0.0,6.54,0.0
131,28498,4929,349,0,22432,78.7,019-002,KELABORAN (P19),Kelantan,0.03,0.04,2.06,0.31,92.52,0.01,5.03,0.0
132,28075,8352,247,0,22875,81.5,019-003,PASIR PEKAN (P19),Kelantan,0.02,0.01,1.43,0.09,98.3,0.0,0.15,0.0
133,26956,387,297,0,22632,84.0,019-004,WAKAF BHARU (P19),Kelantan,0.01,0.03,8.28,0.09,88.34,0.0,3.25,0.0
134,22173,4717,222,0,17536,79.1,020-005,KIJANG (P20),Kelantan,0.04,0.02,2.53,0.04,96.88,0.0,0.48,0.0
135,24702,3474,232,0,20493,83.0,020-006,CHEMPAKA (P20),Kelantan,0.1,0.13,0.64,0.04,99.02,0.0,0.09,0.0
136,28509,7288,224,0,22830,80.1,020-007,PANCHOR (P20),Kelantan,0.11,0.17,1.41,0.23,97.81,0.01,0.26,0.0
137,32114,7015,201,0,24795,77.2,021-008,TANJONG MAS (P21),Kelantan,0.04,0.04,6.28,0.35,92.83,0.0,0.47,0.0
138,28157,1445,267,0,21367,75.9,021-009,KOTA LAMA (P21),Kelantan,0.06,0.09,32.7,1.46,65.01,0.0,0.68,0.0
139,28437,4627,214,0,22271,78.3,021-010,BUNUT PAYONG (P21),Kelantan,0.02,0.04,4.85,0.58,94.26,0.0,0.25,0.0
140,23906,2251,487,0,19159,80.1,022-011,TENDONG (P22),Kelantan,0.03,0.03,1.53,0.02,98.18,0.0,0.22,0.0
141,25817,4598,380,0,19680,76.2,022-012,PENGKALAN PASIR (P22),Kelantan,0.03,0.05,3.95,0.14,95.63,0.0,0.18,0.0
142,21499,6100,318,0,16482,76.7,022-013,MERANTI (P22),Kelantan,0.02,0.03,0.13,0.01,99.27,0.0,0.54,0.0
143,22149,2657,249,0,17129,77.3,023-014,CHETOK (P23),Kelantan,0.01,0.04,4.49,0.03,95.27,0.0,0.16,0.0
144,24046,2123,325,0,17155,71.3,023-015,GUAL PERIOK (P23),Kelantan,0.04,0.06,1.29,0.08,97.65,0.0,0.88,0.0
145,19920,348,214,0,15364,77.1,023-016,APAM PUTRA (P23),Kelantan,0.02,0.03,0.28,0.1,98.12,0.01,1.46,0.0
146,27164,4666,215,0,21836,80.4,024-017,SALOR (P24),Kelantan,0.04,0.04,1.43,0.06,98.36,0.0,0.07,0.0
147,26257,7421,221,0,20709,78.9,024-018,PASIR TUMBOH (P24),Kelantan,0.03,0.05,1.24,0.13,98.38,0.0,0.16,0.0
148,28597,9068,290,0,22316,78.0,024-019,DEMIT (P24),Kelantan,0.03,0.03,2.33,0.21,97.26,0.0,0.13,0.0
149,31434,4583,450,0,26139,83.2,025-020,TAWANG (P25),Kelantan,0.02,0.04,0.77,0.03,99.04,0.0,0.1,0.0
150,30719,2479,383,0,25293,82.3,025-021,PANTAI IRAMA (P25),Kelantan,0.02,0.03,1.38,0.06,97.6,0.0,0.9,0.0
151,30453,2495,0,0,0,0.0,025-022,JELAWAT (P25),Kelantan,0.02,0.02,1.08,0.03,98.72,0.0,0.13,0.0
152,21240,647,335,0,17586,82.8,026-023,MELOR (P26),Kelantan,0.01,0.06,1.71,0.1,97.14,0.0,0.97,0.0
153,16583,1864,419,0,24517,147.8,026-024,KADOK (P26),Kelantan,0.01,0.06,1.57,0.02,98.16,0.0,0.17,0.0
154,27415,1122,318,0,23029,84.0,026-025,KOK LANAS (P26),Kelantan,0.61,1.32,2.2,0.09,95.39,0.13,0.25,0.0
155,35135,4291,487,0,28416,80.9,027-026,BUKIT PANAU (P27),Kelantan,0.04,0.08,7.64,0.19,91.09,0.01,0.95,0.0
156,20048,1415,280,0,16494,82.3,027-027,GUAL IPOH (P27),Kelantan,0.03,0.04,0.72,1.7,97.32,0.0,0.19,0.0
157,17989,923,206,0,14682,81.6,027-028,KEMAHANG (P27),Kelantan,0.04,0.03,0.2,0.16,98.87,0.01,0.69,0.0
158,21348,3120,281,0,17408,81.5,028-029,SELISING (P28),Kelantan,0.02,0.02,0.48,0.02,99.19,0.01,0.26,0.0
159,25629,3138,218,0,20350,79.4,028-030,LIMBONGAN (P28),Kelantan,0.04,0.05,2.23,0.1,97.18,0.0,0.4,0.0
160,20690,632,260,0,17283,83.5,028-031,SEMERAK (P28),Kelantan,0.02,0.05,0.41,0.02,97.76,0.0,1.73,0.0
161,17744,1577,177,0,14706,82.9,028-032,GAAL (P28),Kelantan,0.02,0.05,0.33,0.03,98.82,0.0,0.75,0.0
162,21644,2119,226,0,17888,82.6,029-033,PULAI CHONDONG (P29),Kelantan,0.03,0.06,2.83,0.04,96.96,0.0,0.06,0.0
163,20354,1897,248,0,16831,82.7,029-034,TEMANGAN (P29),Kelantan,0.04,0.04,4.33,0.39,95.03,0.0,0.16,0.0
164,26389,1035,315,0,21611,81.9,029-035,KEMUNING (P29),Kelantan,0.04,0.05,2.46,0.14,97.11,0.0,0.2,0.0
165,17352,1081,144,0,14044,80.9,030-036,BUKIT BUNGA (P30),Kelantan,0.35,0.48,0.18,0.12,98.49,0.01,0.37,0.0
166,17711,359,173,0,15030,84.9,030-037,AIR LANAS (P30),Kelantan,0.04,0.1,0.23,0.1,97.84,1.46,0.23,0.0
167,12407,878,130,0,10550,85.0,030-038,KUALA BALAH (P30),Kelantan,0.56,0.54,0.16,0.1,98.44,0.03,0.16,0.0
168,20218,3351,240,0,16357,80.9,031-039,MENGKEBANG (P31),Kelantan,0.01,0.03,2.2,1.3,96.28,0.0,0.18,0.0
169,20560,2279,190,0,15524,75.5,031-040,GUCHIL (P31),Kelantan,0.09,0.06,11.07,2.39,86.07,0.02,0.31,0.0
170,17722,3735,267,0,14554,82.1,031-041,MANEK URAI (P31),Kelantan,0.03,0.02,0.3,0.23,99.26,0.01,0.15,0.0
171,11848,589,190,0,9633,81.3,031-042,DABONG (P31),Kelantan,0.03,0.04,0.11,0.26,99.29,0.0,0.26,0.0
172,15010,461,290,0,11750,78.3,032-043,NENGGIRI (P32),Kelantan,0.03,0.03,0.22,0.02,89.63,9.83,0.24,0.0
173,17115,1439,218,0,13262,77.5,032-044,PALOH (P32),Kelantan,0.04,0.02,0.08,0.03,98.42,1.3,0.11,0.0
174,20399,1738,317,0,16195,79.4,032-045,GALAS (P32),Kelantan,0.09,0.09,14.14,1.28,63.72,20.26,0.43,0.0
175,19089,1132,843,0,16801,88.0,041-001,PENAGA (P41),Penang,0.05,0.04,7.5,0.39,91.92,0.0,0.1,0.0
176,18378,217,211,0,15984,87.0,041-002,BERTAM (P41),Penang,0.1,0.1,22.81,8.86,67.98,0.0,0.16,0.0
177,23056,127,296,0,20396,88.5,041-003,PINANG TUNGGAL (P41),Penang,0.05,0.05,20.29,3.56,75.92,0.0,0.13,0.0
178,21120,646,296,0,18622,88.2,042-004,PERMATANG BERANGAN (P42),Penang,0.03,0.03,7.15,7.82,84.84,0.0,0.12,0.0
179,20558,1934,207,0,18066,87.9,042-005,SUNGAI DUA (P42),Penang,0.12,0.05,14.53,2.17,83.01,0.0,0.11,0.0
180,19172,2203,219,0,16198,84.5,042-006,TELOK AYER TAWAR (P42),Penang,0.22,0.38,23.21,9.96,65.8,0.01,0.42,0.0
181,27671,19569,137,0,24234,87.6,043-007,SUNGAI PUYU (P43),Penang,0.03,0.01,85.87,7.47,6.42,0.0,0.19,0.0
182,25621,15236,185,0,21459,83.8,043-008,BAGAN JERMAL (P43),Penang,0.06,0.04,69.36,15.49,14.74,0.0,0.32,0.0
183,18291,6783,164,0,14948,81.7,043-009,BAGAN DALAM (P43),Penang,0.09,0.02,51.85,25.81,21.87,0.0,0.36,0.0
184,35541,7421,268,0,30496,85.8,044-010,SEBERANG JAYA (P44),Penang,0.11,0.1,20.76,11.93,66.66,0.01,0.43,0.0
185,24811,2981,191,0,21659,87.3,044-011,PERMATANG PASIR (P44),Penang,0.04,0.01,23.75,1.69,74.37,0.0,0.14,0.0
186,21437,2944,176,0,18526,86.4,044-012,PENANTI (P44),Penang,0.05,0.04,19.78,1.78,77.87,0.0,0.48,0.0
187,23779,16981,202,0,20207,85.0,045-013,BERAPIT (P45),Penang,0.04,0.03,85.31,9.98,4.31,0.0,0.33,0.0
188,37260,16747,376,0,32138,86.3,045-014,MACHANG BUBUK (P45),Penang,0.08,0.03,53.0,11.72,34.94,0.0,0.23,0.0
189,27959,18364,224,0,23694,84.7,045-015,PADANG LALANG (P45),Penang,0.04,0.02,80.78,7.57,11.35,0.0,0.25,0.0
190,17032,9049,168,0,13819,81.1,046-016,PERAI (P46),Penang,0.05,0.06,51.4,36.22,11.56,0.0,0.7,0.0
191,22276,8558,215,0,19192,86.2,046-017,BUKIT TENGAH (P46),Penang,0.11,0.07,47.33,16.79,35.52,0.0,0.18,0.0
192,26086,14880,253,0,22455,86.1,046-018,BUKIT TAMBUN (P46),Penang,0.07,0.04,66.07,19.08,14.61,0.0,0.14,0.0
193,26699,13371,377,0,22778,85.3,047-019,JAWI (P47),Penang,0.07,0.03,55.43,24.84,19.5,0.0,0.12,0.0
194,26666,2348,353,0,23217,87.1,047-020,SUNGAI BAKAP (P47),Penang,0.07,0.05,22.18,16.42,61.06,0.0,0.22,0.0
195,20018,416,221,0,17205,85.9,047-021,SUNGAI ACHEH (P47),Penang,0.06,0.03,24.95,7.14,67.52,0.02,0.27,0.0
196,21768,9343,163,0,17571,80.7,048-022,TANJONG BUNGA (P48),Penang,0.11,0.11,60.33,11.57,26.34,0.01,1.53,0.0
197,13509,7958,88,0,11072,82.0,048-023,AIR PUTIH (P48),Penang,0.07,0.07,80.83,8.77,9.88,0.0,0.36,0.0
198,21369,12597,165,0,17422,81.5,048-024,KEBUN BUNGA (P48),Penang,0.0,0.01,77.05,15.09,7.09,0.0,0.75,0.0
199,18423,9245,138,0,14379,78.0,048-025,PULAU TIKUS (P48),Penang,0.18,0.17,76.82,8.39,13.12,0.0,1.32,0.0
200,14476,7808,130,0,10961,75.7,049-026,PADANG KOTA (P49),Penang,0.03,0.01,75.97,16.19,7.28,0.0,0.52,0.0
201,20069,13390,166,0,17112,85.3,049-027,PENGKALAN KOTA (P49),Penang,0.02,0.0,92.12,6.01,1.69,0.0,0.15,0.0
202,15041,8363,98,0,12059,80.2,049-028,KOMTAR (P49),Penang,0.08,0.09,81.45,7.88,10.17,0.0,0.34,0.0
203,22630,9561,216,0,18504,81.8,050-029,DATOK KERAMAT (P50),Penang,0.09,0.09,56.53,14.11,28.83,0.0,0.35,0.0
204,26917,10388,291,0,22704,84.3,050-030,SUNGAI PINANG (P50),Penang,0.07,0.01,51.56,14.75,33.19,0.0,0.41,0.0
205,27444,18208,161,0,23370,85.2,050-031,BATU LANCANG (P50),Penang,0.03,0.03,85.77,6.64,7.12,0.01,0.42,0.0
206,25232,13211,141,0,20285,80.4,051-032,SERI DELIMA (P51),Penang,0.02,0.04,65.54,11.39,22.31,0.0,0.71,0.0
207,19622,9541,151,0,15988,81.5,051-033,AIR ITAM (P51),Penang,0.04,0.04,66.99,9.9,22.68,0.0,0.37,0.0
208,46741,31189,235,0,40185,86.0,051-034,PAYA TERUBONG (P51),Penang,0.09,0.04,81.24,11.78,6.51,0.0,0.34,0.0
209,31924,17273,235,0,26523,83.1,052-035,BATU UBAN (P52),Penang,0.16,0.09,60.42,13.25,25.57,0.0,0.51,0.0
210,23646,10716,150,0,19315,81.7,052-036,PANTAI JEREJAK (P52),Penang,0.12,0.04,50.33,11.64,37.25,0.0,0.61,0.0
211,35210,8317,352,0,30046,85.3,052-037,BATU MAUNG (P52),Penang,0.28,0.36,36.49,8.58,53.91,0.01,0.38,0.0
212,26570,5245,275,0,22618,85.1,053-038,BAYAN LEPAS (P53),Penang,0.13,0.06,29.81,5.29,64.41,0.0,0.3,0.0
213,18177,1596,220,0,15719,86.5,053-039,PULAU BETONG (P53),Penang,0.24,0.2,30.53,4.02,64.79,0.01,0.21,0.0
214,14339,425,179,0,12231,85.3,053-040,TELOK BAHANG (P53),Penang,0.05,0.05,30.32,3.35,65.94,0.01,0.28,0.0
215,21297,1532,305,0,17978,84.4,004-001,AYER HANGAT (P4),Kedah,0.2,0.16,1.38,2.9,95.04,0.0,0.32,0.0
216,21400,2452,353,0,17270,80.7,004-002,KUAH (P4),Kedah,0.18,0.19,11.61,1.9,85.72,0.0,0.4,0.0
217,23544,1467,319,0,19225,81.7,005-003,KOTA SIPUTEH (P5),Kedah,0.02,0.02,6.68,0.11,92.06,0.0,1.12,0.0
218,30588,537,372,0,25631,83.8,005-004,AYER HITAM (P5),Kedah,0.04,0.03,7.06,0.09,90.59,0.0,2.21,0.0
219,32614,2153,414,0,27006,82.8,006-005,BUKIT KAYU HITAM (P6),Kedah,0.33,0.3,7.01,2.09,89.31,0.01,0.95,0.0
220,41267,10849,333,0,34381,83.3,006-006,JITRA (P6),Kedah,0.06,0.08,9.73,4.55,84.26,0.0,1.32,0.0
221,24094,1619,364,0,20436,84.8,007-007,KUALA NERANG (P7),Kedah,0.04,0.05,1.56,0.2,97.07,0.0,1.08,0.0
222,22550,670,485,0,19495,86.5,007-008,PEDU (P7),Kedah,0.02,0.02,0.96,0.13,86.89,0.0,11.98,0.0
223,30002,1285,446,0,25165,83.9,008-009,BUKIT LADA (P8),Kedah,0.04,0.03,7.12,2.1,90.09,0.0,0.61,0.0
224,29041,3212,300,0,24337,83.8,008-010,BUKIT PINANG (P8),Kedah,0.12,0.2,5.25,0.94,93.28,0.01,0.2,0.0
225,27849,5265,192,0,22495,80.8,008-011,DERGA (P8),Kedah,0.03,0.14,35.06,4.39,59.8,0.0,0.57,0.0
226,31305,6251,303,0,25371,81.0,009-012,SUKA MENANTI (P9),Kedah,0.05,0.04,21.96,4.08,73.63,0.0,0.24,0.0
227,21835,8468,229,0,17046,78.1,009-013,KOTA DARUL AMAN (P9),Kedah,0.07,0.26,60.06,6.49,32.67,0.0,0.44,0.0
228,27132,1876,357,0,22681,83.6,009-014,ALOR MENGKUDU (P9),Kedah,0.03,0.03,20.16,2.52,76.85,0.0,0.39,0.0
229,28223,1579,297,0,23241,82.3,010-015,ANAK BUKIT (P10),Kedah,0.02,0.03,9.58,1.24,88.83,0.0,0.3,0.0
230,36253,6535,449,0,29326,80.9,010-016,KUBANG ROTAN (P10),Kedah,0.03,0.02,26.42,0.89,72.25,0.0,0.39,0.0
231,33277,2490,324,0,27597,82.9,010-017,PENGKALAN KUNDOR (P10),Kedah,0.03,0.05,22.6,1.25,75.87,0.0,0.2,0.0
232,36366,8049,332,0,30895,85.0,011-018,TOKAI (P11),Kedah,0.04,0.04,8.09,0.2,91.42,0.01,0.21,0.0
233,38501,641,582,0,0,0.0,011-019,SUNGAI TIANG (P11),Kedah,0.02,0.02,2.22,0.85,86.24,0.01,10.64,0.0
234,28800,5973,279,0,24947,86.6,012-020,SUNGAI LIMAU (P12),Kedah,0.01,0.02,6.03,0.07,93.7,0.0,0.16,0.0
235,22646,259,292,0,18819,83.1,012-021,GUAR CHEMPEDAK (P12),Kedah,0.04,0.04,9.71,0.78,89.31,0.0,0.11,0.0
236,28530,4207,414,0,23155,81.2,012-022,GURUN (P12),Kedah,0.02,0.06,24.23,15.89,59.31,0.0,0.48,0.0
237,22744,2574,276,0,19372,85.2,013-023,BELANTEK (P13),Kedah,0.07,0.02,1.65,0.21,93.32,0.0,4.73,0.0
238,27641,2455,391,0,23399,84.7,013-024,JENERI (P13),Kedah,0.03,0.04,1.3,0.13,92.7,0.01,5.79,0.0
239,48367,5635,488,0,39589,81.9,014-025,BUKIT SELAMBAU (P14),Kedah,0.06,0.05,17.35,23.35,58.56,0.01,0.61,0.0
240,39415,952,645,0,33123,84.0,014-026,TANJONG DAWAI (P14),Kedah,0.29,0.8,12.26,5.5,80.86,0.02,0.27,0.0
241,36810,4566,347,0,31523,85.6,015-027,PANTAI MERDEKA (P15),Kedah,0.02,0.05,5.84,1.93,92.02,0.01,0.14,0.0
242,38991,10833,391,0,0,0.0,015-028,BAKAR ARANG (P15),Kedah,0.05,0.04,39.02,13.9,46.62,0.01,0.36,0.0
243,36776,10860,291,0,30245,82.2,015-029,SIDAM (P15),Kedah,0.04,0.05,34.9,19.92,44.32,0.0,0.77,0.0
244,38985,924,552,0,33462,85.8,016-030,BAYU (P16),Kedah,0.05,0.06,3.79,0.72,93.15,0.31,1.92,0.0
245,34430,1627,437,0,29630,86.1,016-031,KUPANG (P16),Kedah,0.03,0.04,3.67,2.9,91.73,0.0,1.62,0.0
246,33798,1581,444,0,29036,85.9,016-032,KUALA KETIL (P16),Kedah,0.05,0.02,5.77,12.53,81.01,0.0,0.61,0.0
247,34498,438,429,0,29137,84.5,017-033,MERBAU PULAS (P17),Kedah,0.05,0.05,7.87,16.75,74.94,0.0,0.34,0.0
248,50336,13813,418,0,42043,83.5,017-034,LUNAS (P17),Kedah,0.04,0.04,27.95,23.47,48.17,0.0,0.33,0.0
249,38572,3795,469,0,31459,81.6,018-035,KULIM (P18),Kedah,0.06,0.07,20.49,17.2,61.94,0.01,0.22,0.0
250,28015,377,406,0,23473,83.8,018-036,BANDAR BAHARU (P18),Kedah,0.04,0.07,13.74,6.92,79.15,0.0,0.07,0.0
251,11054,379,279,0,7868,71.2,167-001,BANGGI (P167),Sabah,0.0,0.0,0.27,0.0,0.0,0.0,0.28,37.9
252,23928,2992,345,0,17242,72.1,167-002,TANJONG KAPOR (P167),Sabah,0.0,0.0,19.37,0.0,0.0,0.0,0.46,22.61
253,17269,1282,416,0,13095,75.8,167-003,PITAS (P167),Sabah,0.0,0.0,0.59,0.0,0.0,0.0,0.45,46.05
254,22906,1687,557,0,17248,75.3,168-004,MATUNGGONG (P168),Sabah,0.0,0.0,1.03,0.0,0.0,0.0,0.3,73.78
255,24101,4592,584,0,18000,74.7,168-005,TANDEK (P168),Sabah,0.0,0.0,3.35,0.0,0.0,0.0,0.48,64.24
256,19129,2264,392,0,15726,82.2,169-006,TEMPASUK (P169),Sabah,0.0,0.0,0.21,0.0,0.0,0.0,0.22,31.07
257,17982,3294,251,0,14712,81.8,169-007,KADAMAIAN (P169),Sabah,0.0,0.0,0.6,0.0,0.0,0.0,0.46,81.54
258,20808,1225,356,0,17138,82.4,169-008,USUKAN (P169),Sabah,0.0,0.0,3.22,0.0,0.0,0.0,0.22,6.79
259,18836,2080,228,0,15313,81.3,170-009,TAMPARULI (P170),Sabah,0.0,0.0,11.47,0.0,0.0,0.0,0.8,61.22
260,22611,7774,341,0,19055,84.3,170-010,SULAMAN (P170),Sabah,0.0,0.0,2.03,0.0,0.0,0.0,0.34,13.23
261,12953,1443,175,0,10459,80.7,170-011,KIULU (P170),Sabah,0.0,0.0,2.16,0.0,0.0,0.0,0.59,83.29
262,34451,5366,613,0,26658,77.4,171-012,KARAMBUNAI (P171),Sabah,0.0,0.0,10.37,0.0,0.0,0.0,1.18,9.12
263,27964,7783,316,0,22360,80.0,171-013,INANAM (P171),Sabah,0.0,0.0,29.58,0.0,0.0,0.0,1.09,43.73
264,15126,7902,84,0,11219,74.2,172-014,LIKAS (P172),Sabah,0.0,0.0,72.0,0.0,0.0,0.0,1.48,13.76
265,19279,2954,378,0,14729,76.4,172-015,API-API (P172),Sabah,0.0,0.0,42.39,0.0,0.0,0.0,1.08,12.11
266,21815,12408,112,0,17031,78.1,172-016,LUYANG (P172),Sabah,0.0,0.0,73.74,0.0,0.0,0.0,1.39,15.38
267,23829,4610,342,0,17871,75.0,173-017,TANJONG ARU (P173),Sabah,0.0,0.0,22.61,0.0,0.0,0.0,0.85,11.21
268,17483,208,294,0,14021,80.2,173-018,PETAGAS (P173),Sabah,0.0,0.0,5.63,0.0,0.0,0.0,1.18,18.62
269,33675,13250,276,0,27557,81.8,174-019,KAPAYAN (P174),Sabah,0.0,0.0,47.07,0.0,0.0,0.0,1.95,33.55
270,19456,4442,202,0,16100,82.8,174-020,MOYOG (P174),Sabah,0.0,0.0,7.43,0.0,0.0,0.0,1.29,83.35
271,23102,2862,322,0,19585,84.8,175-021,KAWANG (P175),Sabah,0.0,0.0,5.77,0.0,0.0,0.0,0.59,26.04
272,20484,2108,227,0,17217,84.1,175-022,PANTAI MANIS (P175),Sabah,0.0,0.0,9.36,0.0,0.0,0.0,0.44,24.49
273,16239,795,228,0,13953,85.9,176-023,BONGAWAN (P176),Sabah,0.0,0.0,3.61,0.0,0.0,0.0,0.31,30.22
274,13379,2403,182,0,11565,86.4,176-024,MEMBAKUT (P176),Sabah,0.0,0.0,2.68,0.0,0.0,0.0,0.38,29.58
275,16948,2336,393,0,14187,83.7,177-025,KLIAS (P177),Sabah,0.0,0.0,10.69,0.0,0.0,0.0,0.47,15.55
276,16394,3545,439,0,14056,85.7,177-026,KUALA PENYU (P177),Sabah,0.0,0.0,4.12,0.0,0.0,0.0,0.44,37.03
277,15009,2935,286,0,12420,82.8,178-027,LUMADAN (P178),Sabah,0.0,0.0,3.19,0.0,0.0,0.0,0.4,7.3
278,16873,760,204,0,13065,77.4,178-028,SINDUMIN (P178),Sabah,0.0,0.0,4.22,0.0,0.0,0.0,0.62,30.31
279,14864,255,325,0,11070,74.5,179-029,KUNDASANG (P179),Sabah,0.0,0.0,0.4,0.0,0.0,0.0,0.85,59.43
280,13517,3782,155,0,10928,80.8,179-030,KARANAAN (P179),Sabah,0.0,0.0,4.32,0.0,0.0,0.0,0.87,48.2
281,15325,2066,234,0,11905,77.7,179-031,PAGINATAN (P179),Sabah,0.0,0.0,0.67,0.0,0.0,0.0,1.39,63.03
282,16255,1037,118,0,13322,82.0,180-032,TAMBUNAN (P180),Sabah,0.0,0.0,1.18,0.0,0.0,0.0,1.49,84.74
283,17761,165,190,0,13984,78.7,180-033,BINGKOR (P180),Sabah,0.0,0.0,9.56,0.0,0.0,0.0,0.99,62.44
284,17161,1382,154,0,13610,79.3,180-034,LIAWAN (P180),Sabah,0.0,0.0,14.84,0.0,0.0,0.0,1.14,40.32
285,13996,293,222,0,10986,78.5,181-035,MELALAP (P181),Sabah,0.0,0.0,15.55,0.0,0.0,0.0,0.61,53.52
286,15186,895,410,0,12030,79.2,181-036,KEMABONG (P181),Sabah,0.0,0.0,5.21,0.0,0.0,0.0,0.41,68.49
287,19121,4485,350,0,15503,81.1,182-037,SOOK (P182),Sabah,0.0,0.0,1.73,0.0,0.0,0.0,0.63,71.82
288,12256,2072,228,0,9443,77.0,182-038,NABAWAN (P182),Sabah,0.0,0.0,0.64,0.0,0.0,0.0,0.29,77.22
289,11703,1521,428,0,8882,75.9,183-039,SUGUT (P183),Sabah,0.0,0.0,0.48,0.0,0.0,0.0,0.56,42.06
290,16806,2600,247,0,12733,75.8,183-040,LABUK (P183),Sabah,0.0,0.0,1.09,0.0,0.0,0.0,1.05,45.8
291,12460,598,229,0,9493,76.2,184-041,GUM-GUM (P184),Sabah,0.0,0.0,20.93,0.0,0.0,0.0,0.42,10.99
292,35454,2184,525,0,27752,78.3,184-042,SUNGAI SIBUGA (P184),Sabah,0.0,0.0,14.9,0.0,0.0,0.0,0.69,4.45
293,16522,2035,337,0,12304,74.5,185-043,SEKONG (P185),Sabah,0.0,0.0,20.03,0.0,0.0,0.0,0.6,3.92
294,16052,3848,267,0,11724,73.0,185-044,KARAMUNTING (P185),Sabah,0.0,0.0,40.32,0.0,0.0,0.0,1.05,4.25
295,25285,6647,256,0,18100,71.6,186-045,ELOPURA (P186),Sabah,0.0,0.0,48.86,0.0,0.0,0.0,1.37,7.12
296,14492,1816,196,0,10567,72.9,186-046,TANJONG PAPAT (P186),Sabah,0.0,0.0,50.05,0.0,0.0,0.0,0.6,3.26
297,17875,4121,408,0,14093,78.8,187-047,KUAMUT (P187),Sabah,0.0,0.0,0.48,0.0,0.0,0.0,0.68,40.38
298,10855,1628,253,0,8163,75.2,187-048,SUKAU (P187),Sabah,0.0,0.0,0.68,0.0,0.0,0.0,0.19,3.57
299,17773,1001,352,0,12976,73.0,188-049,TUNGKU (P188),Sabah,0.0,0.0,8.11,0.0,0.0,0.0,0.64,13.38
300,28658,2932,432,0,20834,72.7,188-050,LAHAD DATU (P188),Sabah,0.0,0.0,15.48,0.0,0.0,0.0,1.03,8.26
301,14511,268,223,0,10413,71.8,188-051,KUNAK (P188),Sabah,0.0,0.0,2.96,0.0,0.0,0.0,0.57,5.02
302,13984,4926,324,0,9868,70.6,189-052,SULABAYAN (P189),Sabah,0.0,0.0,0.03,0.0,0.0,0.0,0.09,1.34
303,14399,5301,244,0,10514,73.0,189-053,SENALLANG (P189),Sabah,0.0,0.0,3.94,0.0,0.0,0.0,0.47,1.8
304,19865,7851,381,0,14224,71.6,189-054,BUGAYA (P189),Sabah,0.0,0.0,0.95,0.0,0.0,0.0,0.36,1.82
305,14541,174,252,0,10669,73.4,190-055,BALUNG (P190),Sabah,0.0,0.0,6.18,0.0,0.0,0.0,0.8,7.61
306,18978,1787,290,0,13841,72.9,190-056,APAS (P190),Sabah,0.0,0.0,14.45,0.0,0.0,0.0,0.45,3.22
307,26400,9383,285,0,19352,73.3,190-057,SRI TANJONG (P190),Sabah,0.0,0.0,62.38,0.0,0.0,0.0,1.1,4.64
308,20634,2150,275,0,15263,74.0,191-058,MEROTAI (P191),Sabah,0.0,0.0,16.56,0.0,0.0,0.0,1.03,5.02
309,23951,1986,451,0,17335,72.4,191-059,TANJONG BATU (P191),Sabah,0.0,0.0,2.79,0.0,0.0,0.0,0.86,7.28
310,7614,193,109,0,5394,70.8,191-060,SEBATIK (P191),Sabah,0.0,0.0,4.89,0.0,0.0,0.0,0.55,5.91
311,20762,143,197,0,17495,84.3,033-001,KUALA BESUT (P33),Terengganu,0.09,0.15,0.65,0.1,98.81,0.0,0.2,0.0
312,24182,1181,283,0,20180,83.5,033-002,KOTA PUTERA (P33),Terengganu,0.04,0.07,0.62,0.06,98.78,0.0,0.43,0.0
313,22880,1381,226,0,18855,82.4,033-003,JERTIH (P33),Terengganu,0.03,0.04,3.33,0.14,96.18,0.0,0.28,0.0
314,18803,1469,209,0,15788,84.0,033-004,HULU BESUT (P33),Terengganu,0.06,0.02,0.92,0.05,98.78,0.05,0.11,0.0
315,20041,55,243,0,17144,85.5,034-005,JABI (P34),Terengganu,0.06,0.02,0.43,0.01,99.2,0.0,0.26,0.0
316,23839,1970,333,0,20090,84.3,034-006,PERMAISURI (P34),Terengganu,0.05,0.05,0.48,0.03,99.28,0.0,0.11,0.0
317,18296,3446,243,0,0,0.0,034-007,LANGKAP (P34),Terengganu,0.04,0.03,0.05,0.03,99.7,0.0,0.15,0.0
318,24071,299,237,0,20912,86.9,034-008,BATU RAKIT (P34),Terengganu,0.06,0.04,0.3,0.05,99.48,0.01,0.06,0.0
319,23111,2717,194,0,20132,87.1,035-009,TEPUH (P35),Terengganu,0.03,0.02,0.63,0.06,99.0,0.0,0.26,0.0
320,22528,4567,286,0,19847,88.1,035-010,BULUH GADING (P35),Terengganu,0.04,0.02,1.52,0.04,98.31,0.0,0.08,0.0
321,20607,1884,148,0,17996,87.3,035-011,SEBERANG TAKIR (P35),Terengganu,0.13,0.21,0.18,0.11,99.24,0.0,0.13,0.0
322,17417,2344,198,0,15242,87.5,035-012,BUKIT TUNGGAL (P35),Terengganu,0.03,0.01,1.54,0.13,98.17,0.01,0.11,0.0
323,28059,7378,227,0,24129,86.0,036-013,WAKAF MEMPELAM (P36),Terengganu,0.01,0.03,0.39,0.06,99.43,0.0,0.07,0.0
324,20268,2091,181,0,16353,80.7,036-014,BANDAR (P36),Terengganu,0.03,0.02,34.55,1.03,64.13,0.0,0.24,0.0
325,22570,363,179,0,19146,84.8,036-015,LADANG (P36),Terengganu,0.12,0.13,8.15,1.01,90.34,0.01,0.24,0.0
326,32714,5288,221,0,27989,85.6,036-016,BATU BURUK (P36),Terengganu,0.04,0.02,1.79,0.26,97.73,0.0,0.17,0.0
327,28038,4194,276,0,24320,86.7,037-017,ALUR LIMBAT (P37),Terengganu,0.02,0.07,3.08,0.1,96.64,0.0,0.09,0.0
328,22661,4488,198,0,20204,89.2,037-018,BUKIT PAYUNG (P37),Terengganu,0.03,0.04,0.26,0.07,99.43,0.0,0.17,0.0
329,25999,6028,249,0,22728,87.4,037-019,RU RENDANG (P37),Terengganu,0.04,0.03,0.37,0.07,99.39,0.0,0.09,0.0
330,28200,490,326,0,24855,88.1,037-020,PENGKALAN BERANGAN (P37),Terengganu,0.07,0.06,3.88,0.07,95.75,0.0,0.17,0.0
331,17868,4159,244,0,15387,86.1,038-021,TELEMUNG (P38),Terengganu,0.01,0.02,0.09,0.01,98.89,0.86,0.13,0.0
332,17239,2844,124,0,15181,88.1,038-022,MANIR (P38),Terengganu,0.05,0.03,0.34,0.03,99.48,0.0,0.08,0.0
333,17848,1070,199,0,15571,87.2,038-023,KUALA BERANG (P38),Terengganu,0.04,0.06,0.72,0.05,99.03,0.0,0.11,0.0
334,20532,4,285,0,17294,84.2,038-024,AJIL (P38),Terengganu,0.05,0.04,0.7,0.06,98.96,0.01,0.18,0.0
335,14493,46,189,0,12239,84.4,039-025,BUKIT BESI (P39),Terengganu,0.06,0.09,0.2,0.1,99.29,0.0,0.26,0.0
336,24819,4452,242,0,21411,86.3,039-026,RANTAU ABANG (P39),Terengganu,0.07,0.04,0.48,0.07,98.85,0.0,0.48,0.0
337,24761,7162,206,0,20530,82.9,039-027,SURA (P39),Terengganu,0.02,0.02,6.68,0.36,92.8,0.0,0.13,0.0
338,26433,3405,237,0,22527,85.2,039-028,PAKA (P39),Terengganu,0.13,0.08,4.85,0.14,94.56,0.01,0.22,0.0
339,22132,2164,217,0,18987,85.8,040-029,KEMASIK (P40),Terengganu,0.05,0.09,3.27,0.33,96.08,0.0,0.18,0.0
340,22580,1265,288,0,19652,87.0,040-030,KIJAL (P40),Terengganu,0.05,0.09,1.8,0.24,97.44,0.02,0.35,0.0
341,30374,4881,228,0,25396,83.6,040-031,CUKAI (P40),Terengganu,0.11,0.15,12.67,0.92,85.96,0.0,0.2,0.0
342,32507,746,0,0,0,0.0,040-032,AIR PUTIH (P40),Terengganu,0.04,0.05,2.51,0.78,95.77,0.62,0.22,0.0
343,11045,1372,126,0,9337,84.5,134-001,KUALA LINGGI (P134),Melaka,0.09,0.1,22.53,1.62,73.83,0.01,1.83,0.0
344,10092,2864,116,0,8521,84.4,134-002,TANJUNG BIDARA (P134),Melaka,0.08,0.08,4.05,1.74,93.86,0.0,0.19,0.0
345,11211,1479,168,0,9308,83.0,134-003,AYER LIMAU (P134),Melaka,0.04,0.07,3.9,4.46,91.29,0.0,0.25,0.0
346,10350,627,83,0,8701,84.1,134-004,LENDU (P134),Melaka,0.17,0.3,16.96,5.06,77.18,0.0,0.33,0.0
347,8743,740,161,0,7226,82.6,134-005,TABOH NANING (P134),Melaka,0.08,0.02,12.15,6.07,79.3,2.18,0.19,0.0
348,15636,1814,204,0,13175,84.3,135-006,REMBIA (P135),Melaka,0.1,0.12,19.4,14.25,65.96,0.0,0.17,0.0
349,12922,307,200,0,10578,81.9,135-007,GADEK (P135),Melaka,0.05,0.06,23.55,16.31,59.7,0.14,0.19,0.0
350,12719,1336,145,0,10718,84.3,135-008,MACHAP JAYA (P135),Melaka,0.13,0.06,40.21,14.21,43.75,1.41,0.24,0.0
351,13076,763,202,0,11289,86.3,135-009,DURIAN TUNGGAL (P135),Melaka,0.14,0.1,22.12,8.53,68.88,0.04,0.19,0.0
352,16011,275,218,0,13239,82.7,135-010,ASAHAN (P135),Melaka,0.09,0.04,23.18,11.22,63.77,1.39,0.29,0.0
353,22323,2229,0,0,17917,80.3,136-011,SUNGAI UDANG (P136),Melaka,3.06,5.64,8.11,2.64,79.71,0.26,0.58,0.0
354,15686,772,256,0,12998,82.9,136-012,PANTAI KUNDOR (P136),Melaka,0.59,0.17,17.57,0.78,80.05,0.02,0.82,0.0
355,25038,4259,272,0,21782,87.0,136-013,PAYA RUMPUT (P136),Melaka,0.21,0.18,30.48,7.13,61.25,0.02,0.72,0.0
356,20166,789,233,0,17059,84.6,136-014,KELEBANG (P136),Melaka,0.16,0.17,30.64,2.19,66.35,0.0,0.49,0.0
357,21182,2756,274,0,18272,86.3,137-015,PENGKALAN BATU (P137),Melaka,0.17,0.12,28.43,5.31,65.4,0.0,0.57,0.0
358,25407,9261,178,0,22112,87.0,137-016,AYER KEROH (P137),Melaka,0.2,0.12,50.47,8.3,40.27,0.01,0.62,0.0
359,25072,3159,0,0,0,0.0,137-017,BUKIT KATIL (P137),Melaka,0.22,0.18,30.46,4.36,64.23,0.0,0.54,0.0
360,17703,1805,197,0,15513,87.6,137-018,AYER MOLEK (P137),Melaka,0.06,0.06,7.42,4.24,87.94,0.0,0.28,0.0
361,37355,14612,380,0,31970,85.6,138-019,KESIDANG (P138),Melaka,0.16,0.13,57.4,4.71,36.97,0.01,0.63,0.0
362,29952,16173,201,0,24952,83.3,138-020,KOTA LAKSAMANA (P138),Melaka,0.08,0.05,79.37,3.18,16.91,0.0,0.41,0.0
363,18110,2895,155,0,15601,86.1,138-021,DUYONG (P138),Melaka,0.08,0.07,34.54,4.81,60.11,0.0,0.38,0.0
364,20990,11313,122,0,17602,83.9,138-022,BANDAR HILIR (P138),Melaka,0.13,0.17,76.65,5.26,12.82,0.01,4.96,0.0
365,20441,1288,166,0,17500,85.6,138-023,TELOK MAS (P138),Melaka,0.06,0.08,23.91,1.97,73.39,0.0,0.58,0.0
366,18393,1345,227,0,15699,85.4,139-024,BEMBAN (P139),Melaka,0.06,0.11,21.98,16.26,61.22,0.08,0.29,0.0
367,13689,536,164,0,11525,84.2,139-025,RIM (P139),Melaka,0.05,0.01,19.94,13.1,66.08,0.5,0.31,0.0
368,15748,2737,191,0,13722,87.1,139-026,SERKAM (P139),Melaka,0.06,0.09,6.18,3.04,90.21,0.01,0.41,0.0
369,13810,130,149,0,11849,85.8,139-027,MERLIMAU (P139),Melaka,0.08,0.11,18.14,12.01,69.41,0.01,0.25,0.0
370,11792,1669,168,0,10114,85.8,139-028,SUNGAI RAMBAI (P139),Melaka,0.07,0.03,13.79,2.18,83.75,0.0,0.18,0.0
371,12119,1155,166,0,10051,82.9,126-001,CHENNAH (P126),Negri Sembilan,0.08,0.08,47.63,2.44,44.83,4.65,0.29,0.0
372,10400,415,176,0,8392,80.7,126-002,PERTANG (P126),Negri Sembilan,0.07,0.03,20.08,7.03,65.84,6.74,0.22,0.0
373,15739,4399,236,0,12783,81.2,126-003,SUNGAI LUI (P126),Negri Sembilan,0.6,0.34,5.93,8.31,79.64,5.08,0.1,0.0
374,10264,976,97,0,8531,83.1,126-004,KLAWANG (P126),Negri Sembilan,0.12,0.07,28.38,4.14,65.57,1.54,0.19,0.0
375,22146,3768,324,0,18063,81.6,127-005,SERTING (P127),Negri Sembilan,0.05,0.06,13.4,8.09,78.03,0.14,0.23,0.0
376,18170,6246,246,0,0,0.0,127-006,PALONG (P127),Negri Sembilan,0.04,0.04,1.72,5.67,92.32,0.1,0.11,0.0
377,12337,1062,391,0,9844,79.8,127-007,JERAM PADANG (P127),Negri Sembilan,0.05,0.06,10.06,35.74,49.79,4.09,0.21,0.0
378,19469,6109,200,0,15831,81.3,127-008,BAHAU (P127),Negri Sembilan,0.11,0.05,62.86,8.45,28.21,0.02,0.29,0.0
379,18636,986,236,0,15850,85.1,128-009,LENGGENG (P128),Negri Sembilan,0.09,0.08,17.55,5.63,74.16,2.08,0.41,0.0
380,24657,9825,208,0,21025,85.3,128-010,NILAI (P128),Negri Sembilan,0.37,0.18,41.17,21.85,35.28,0.71,0.45,0.0
381,19101,11782,152,0,15795,82.7,128-011,LOBAK (P128),Negri Sembilan,0.15,0.04,74.82,19.78,3.94,0.83,0.44,0.0
382,11184,3063,120,0,9234,82.6,128-012,TEMIANG (P128),Negri Sembilan,0.28,0.26,47.77,14.26,36.18,0.38,0.87,0.0
383,20799,3413,136,0,17858,85.9,128-013,SIKAMAT (P128),Negri Sembilan,0.12,0.17,22.49,7.51,69.11,0.04,0.55,0.0
384,15791,1360,166,0,13443,85.1,128-014,AMPANGAN (P128),Negri Sembilan,0.09,0.07,17.47,7.79,73.59,0.01,0.98,0.0
385,10091,692,135,0,8388,83.1,129-015,JUASSEH (P129),Negri Sembilan,0.08,0.15,12.19,5.41,79.97,1.92,0.28,0.0
386,8154,595,113,0,6800,83.4,129-016,SERI MENANTI (P129),Negri Sembilan,0.1,0.05,2.81,0.23,92.65,4.05,0.11,0.0
387,8076,972,107,0,6678,82.7,129-017,SENALING (P129),Negri Sembilan,0.01,0.07,17.5,3.13,79.02,0.0,0.26,0.0
388,13589,1806,194,0,11141,82.0,129-018,PILAH (P129),Negri Sembilan,0.11,0.13,24.15,8.26,67.05,0.01,0.29,0.0
389,9891,965,230,0,8150,82.4,129-019,JOHOL (P129),Negri Sembilan,0.05,0.06,17.54,4.83,73.13,4.23,0.16,0.0
390,17808,882,266,0,15006,84.3,130-020,LABU (P130),Negri Sembilan,0.29,0.16,10.6,15.23,71.23,2.11,0.39,0.0
391,26610,14924,196,0,22685,85.2,130-021,BUKIT KEPAYANG (P130),Negri Sembilan,0.14,0.17,57.04,20.75,20.95,0.14,0.81,0.0
392,17084,6560,264,0,13821,80.9,130-022,RAHANG (P130),Negri Sembilan,0.36,0.47,48.47,20.7,28.58,0.04,1.39,0.0
393,20771,12389,156,0,17752,85.5,130-023,MAMBAU (P130),Negri Sembilan,0.12,0.05,62.3,23.22,13.38,0.0,0.92,0.0
394,20565,10507,168,0,17376,84.5,130-024,SEREMBAN JAYA (P130),Negri Sembilan,0.07,0.24,52.81,24.08,22.22,0.03,0.54,0.0
395,36213,4841,273,0,31180,86.1,131-025,PAROI (P131),Negri Sembilan,0.13,0.17,8.24,15.65,75.45,0.0,0.36,0.0
396,18116,4427,213,0,15330,84.6,131-026,CHEMBONG (P131),Negri Sembilan,0.07,0.1,7.33,9.85,81.18,1.19,0.28,0.0
397,20472,0,0,0,0,0.0,131-027,RANTAU (P131),Negri Sembilan,0.18,0.13,18.81,27.01,53.43,0.01,0.42,0.0
398,13564,2969,196,0,11316,83.4,131-028,KOTA (P131),Negri Sembilan,0.06,0.04,6.98,4.62,87.17,0.92,0.21,0.0
399,12083,3201,165,0,0,0.0,132-029,CHUAH (P132),Negri Sembilan,0.03,0.07,56.14,22.54,21.0,0.02,0.21,0.0
400,17298,8405,167,0,14689,84.9,132-030,LUKUT (P132),Negri Sembilan,0.08,0.1,53.96,24.24,21.19,0.0,0.42,0.0
401,15821,1935,267,0,12767,80.7,132-031,BAGAN PINANG (P132),Negri Sembilan,1.81,2.81,8.86,14.49,71.51,0.11,0.41,0.0
402,15588,623,298,0,12858,82.5,132-032,LINGGI (P132),Negri Sembilan,0.6,1.28,18.78,18.21,59.89,0.8,0.44,0.0
403,14422,4030,159,0,11952,82.9,132-033,SRI TANJUNG (P132),Negri Sembilan,0.51,0.19,30.88,31.02,36.59,0.01,0.81,0.0
404,22318,4772,283,0,17920,80.3,133-034,GEMAS (P133),Negri Sembilan,0.96,2.61,8.21,4.55,83.3,0.08,0.29,0.0
405,18705,351,249,0,15017,80.3,133-035,GEMENCHEH (P133),Negri Sembilan,0.03,0.04,22.46,15.44,61.83,0.06,0.14,0.0
406,19742,4758,189,0,16580,84.0,133-036,REPAH (P133),Negri Sembilan,0.06,0.06,41.94,16.6,40.63,0.28,0.44,0.0
407,19505,3589,305,0,15017,77.0,078-001,TANAH RATA (P78),Pahang,0.19,0.08,48.12,23.69,13.79,13.67,0.45,0.0
408,12543,3507,471,0,10310,82.2,078-002,JELAI (P78),Pahang,0.01,0.02,0.5,1.26,64.14,33.82,0.25,0.0
409,14057,1244,173,0,11667,83.0,079-003,PADANG TENGKU (P79),Pahang,0.03,0.03,2.95,3.07,92.51,1.13,0.29,0.0
410,12585,202,232,0,9943,79.0,079-004,CHEKA (P79),Pahang,0.09,0.14,22.4,4.81,71.47,0.87,0.22,0.0
411,8652,340,105,0,7058,81.6,079-005,BENTA (P79),Pahang,0.03,0.06,26.42,9.35,64.0,0.03,0.1,0.0
412,15188,4320,347,0,12362,81.4,080-006,BATU TALAM (P80),Pahang,0.05,0.05,8.79,4.2,78.52,8.14,0.25,0.0
413,28912,9953,276,0,23267,80.5,080-007,TRAS (P80),Pahang,0.06,0.06,64.89,8.65,25.13,0.9,0.31,0.0
414,13623,3832,210,0,11362,83.4,080-008,DONG (P80),Pahang,0.01,0.06,13.98,3.0,79.76,2.79,0.4,0.0
415,15197,69,227,0,12424,81.8,081-009,TAHAN (P81),Pahang,0.06,0.04,0.64,0.7,94.4,3.9,0.26,0.0
416,25164,1456,402,0,20306,80.7,081-010,DAMAK (P81),Pahang,0.1,0.09,32.43,5.54,58.42,3.11,0.33,0.0
417,23248,587,295,0,18679,80.3,081-011,PULAU TAWAR (P81),Pahang,0.02,0.02,0.1,0.74,98.77,0.23,0.12,0.0
418,38721,1305,331,0,32384,83.6,082-012,BESERAH (P82),Pahang,0.39,0.19,22.86,2.63,73.55,0.03,0.35,0.0
419,38487,5511,307,0,32215,83.7,082-013,SEMAMBU (P82),Pahang,0.15,0.12,30.96,8.75,59.65,0.05,0.32,0.0
420,24746,7725,163,0,20207,81.7,083-014,TERUNTUM (P83),Pahang,0.2,0.16,56.24,5.55,37.57,0.02,0.27,0.0
421,25120,1339,316,0,21097,84.0,083-015,TANJUNG LUMPUR (P83),Pahang,0.06,0.05,15.98,2.37,81.14,0.06,0.33,0.0
422,12830,2165,225,0,11053,86.1,083-016,INDERAPURA (P83),Pahang,0.05,0.03,4.78,0.97,93.11,0.66,0.41,0.0
423,14729,1968,181,0,11842,80.4,084-017,SUNGAI LEMBING (P84),Pahang,0.03,0.05,12.14,0.28,84.98,2.35,0.18,0.0
424,17582,2779,238,0,14063,80.0,084-018,LEPAR (P84),Pahang,0.06,0.07,15.85,2.3,79.22,2.34,0.15,0.0
425,22824,135,255,0,19041,83.4,084-019,PANCHING (P84),Pahang,0.07,0.07,11.01,2.73,85.52,0.07,0.54,0.0
426,20389,2334,309,0,16709,82.0,085-020,PULAU MANIS (P85),Pahang,0.78,1.87,2.65,0.68,91.76,1.59,0.67,0.0
427,32291,7182,403,0,26834,83.1,085-021,PERAMU JAYA (P85),Pahang,0.1,0.07,3.25,1.2,92.4,1.96,1.02,0.0
428,14968,5720,329,0,11970,80.0,085-022,BEBAR (P85),Pahang,0.04,0.1,0.92,1.2,68.71,27.57,1.48,0.0
429,21251,4622,232,0,16798,79.0,085-023,CHINI (P85),Pahang,0.04,0.03,0.26,0.1,90.43,8.97,0.17,0.0
430,12284,272,157,0,9975,81.2,086-024,LUIT (P86),Pahang,0.07,0.05,13.37,1.42,81.84,2.78,0.46,0.0
431,13360,2039,178,0,10564,79.1,086-025,KUALA SENTUL (P86),Pahang,0.03,0.04,5.91,2.14,90.1,1.62,0.16,0.0
432,15392,514,199,0,12823,83.3,086-026,CHENOR (P86),Pahang,0.05,0.06,0.62,0.88,96.84,1.25,0.31,0.0
433,10569,1713,234,0,8610,81.5,087-027,JENDERAK (P87),Pahang,0.05,0.06,7.65,4.26,70.24,17.5,0.24,0.0
434,11974,1934,148,0,10058,84.0,087-028,KERDAU (P87),Pahang,0.03,0.04,3.88,2.67,89.6,3.41,0.36,0.0
435,24721,1813,230,0,20443,82.7,087-029,JENGKA (P87),Pahang,0.05,0.04,0.15,1.26,98.37,0.0,0.13,0.0
436,25431,5829,250,0,21118,83.0,088-030,MENTAKAB (P88),Pahang,0.11,0.11,43.98,11.14,43.86,0.02,0.78,0.0
437,23706,3725,428,0,19348,81.6,088-031,LANCHANG (P88),Pahang,0.46,1.31,8.42,11.3,75.55,2.41,0.56,0.0
438,25944,474,246,0,21742,83.8,088-032,KUALA SEMANTAN (P88),Pahang,0.3,0.47,14.38,2.22,80.35,1.38,0.89,0.0
439,19101,3739,201,0,16049,84.0,089-033,BILUT (P89),Pahang,0.07,0.12,55.79,9.04,34.24,0.47,0.27,0.0
440,23506,3710,236,0,19706,83.8,089-034,KETARI (P89),Pahang,0.16,0.35,44.55,4.62,47.7,2.21,0.4,0.0
441,11971,495,166,0,9891,82.6,089-035,SABAI (P89),Pahang,0.05,0.03,36.61,21.35,37.78,3.88,0.29,0.0
442,12781,2312,158,0,10542,82.5,089-036,PELANGAI (P89),Pahang,0.02,0.05,20.12,6.25,70.76,2.6,0.2,0.0
443,19353,3295,269,0,15904,82.2,090-037,GUAI (P90),Pahang,0.1,0.04,6.98,2.14,86.66,3.89,0.18,0.0
444,20083,6454,369,0,16414,81.7,090-038,TRIANG (P90),Pahang,0.06,0.1,66.48,4.53,27.98,0.62,0.22,0.0
445,19275,4618,387,0,15978,82.9,090-039,KEMAYAN (P90),Pahang,0.44,0.38,12.56,4.42,72.34,9.42,0.44,0.0
446,22806,2478,310,0,18944,83.1,091-040,BUKIT IBAM (P91),Pahang,0.12,0.07,0.38,1.1,90.61,7.41,0.31,0.0
447,20206,4840,338,0,16521,81.8,091-041,MUADZAM SHAH (P91),Pahang,0.04,0.05,0.77,1.47,86.18,11.04,0.44,0.0
448,18906,1280,229,0,15442,81.7,091-042,TIOMAN (P91),Pahang,0.08,0.06,6.29,0.45,85.86,6.94,0.32,0.0
449,16274,1440,220,0,13605,83.6,092-001,SUNGAI AIR TAWAR (P92),Selangor,0.04,0.07,10.64,2.96,86.11,0.01,0.18,0.0
450,24589,130,327,0,20417,83.0,092-002,SABAK (P92),Selangor,0.05,0.07,12.38,6.26,81.02,0.01,0.2,0.0
451,30638,2084,362,0,26408,86.2,093-003,SUNGAI PANJANG (P93),Selangor,0.1,0.05,14.45,1.64,83.44,0.01,0.32,0.0
452,18101,2844,201,0,15475,85.5,093-004,SEKINCHAN (P93),Selangor,0.13,0.06,53.02,2.65,43.79,0.01,0.35,0.0
453,22857,20,323,0,19243,84.2,094-005,HULU BERNAM (P94),Selangor,0.04,0.06,15.33,13.57,69.97,0.58,0.44,0.0
454,29133,7134,310,0,24746,84.9,094-006,KUALA KUBU BAHARU (P94),Selangor,0.2,0.31,34.46,18.71,43.5,2.23,0.59,0.0
455,49000,8315,492,0,42165,86.1,094-007,BATANG KALI (P94),Selangor,0.2,0.12,15.23,15.98,65.96,1.79,0.72,0.0
456,24045,2330,255,0,20828,86.6,095-008,SUNGAI BURONG (P95),Selangor,0.05,0.04,11.64,2.57,85.3,0.0,0.39,0.0
457,23153,1158,288,0,20358,87.9,095-009,PERMATANG (P95),Selangor,0.04,0.03,20.44,15.55,63.62,0.0,0.32,0.0
458,26573,2695,418,0,23141,87.1,096-010,BUKIT MELAWATI (P96),Selangor,0.09,0.09,15.21,22.08,62.01,0.02,0.5,0.0
459,23073,2114,396,0,20167,87.4,096-011,IJOK (P96),Selangor,0.08,0.03,14.15,25.35,60.1,0.0,0.29,0.0
460,19751,1191,193,0,17534,88.8,096-012,JERAM (P96),Selangor,0.16,0.11,8.4,14.77,76.25,0.01,0.29,0.0
461,26481,2860,187,0,22858,86.3,097-013,KUANG (P97),Selangor,0.19,0.19,12.04,9.68,75.93,0.8,1.17,0.0
462,46125,23860,366,0,39481,85.6,097-014,RAWANG (P97),Selangor,0.23,0.18,45.7,25.75,26.98,0.03,1.14,0.0
463,43570,7903,325,0,37111,85.2,097-015,TAMAN TEMPLER (P97),Selangor,0.21,0.17,20.91,14.06,63.4,0.08,1.17,0.0
464,34180,11374,277,0,28721,84.0,098-016,SUNGAI TUA (P98),Selangor,0.2,0.14,13.33,24.32,59.92,0.08,2.01,0.0
465,55461,12399,328,0,47619,85.9,098-017,GOMBAK SETIA (P98),Selangor,0.14,0.15,11.33,9.03,75.83,0.86,2.67,0.0
466,51471,15349,239,0,44209,85.9,098-018,HULU KELANG (P98),Selangor,0.13,0.13,8.18,3.64,86.32,0.11,1.5,0.0
467,46537,25512,268,0,39296,84.4,099-019,BUKIT ANTARABANGSA (P99),Selangor,0.2,0.14,46.37,6.3,45.76,0.01,1.21,0.0
468,45200,14790,359,0,45200,100.0,099-020,LEMBAH JAYA (P99),Selangor,0.2,0.12,22.59,11.18,64.09,0.01,1.8,0.0
469,49063,16386,250,0,41331,84.2,100-021,PANDAN INDAH (P100),Selangor,0.4,0.21,29.16,6.4,62.69,0.01,1.13,0.0
470,52256,29425,273,0,45171,86.4,100-022,TERATAI (P100),Selangor,0.29,0.1,61.71,7.79,29.51,0.01,0.59,0.0
471,49106,10422,490,0,42489,86.5,101-023,DUSUN TUA (P101),Selangor,0.31,0.32,27.91,6.83,62.02,0.97,1.64,0.0
472,53257,8964,366,0,36572,68.7,101-024,SEMENYIH (P101),Selangor,0.32,0.23,16.69,13.73,67.71,0.54,0.77,0.0
473,62170,30755,375,0,55083,88.6,102-025,KAJANG (P102),Selangor,0.28,0.18,43.35,14.53,40.71,0.02,0.92,0.0
474,54961,10630,356,0,48366,88.0,102-026,SUNGAI RAMAL (P102),Selangor,0.34,0.35,9.15,9.88,78.84,0.01,1.42,0.0
475,61659,35538,286,0,54384,88.2,102-027,BALAKONG (P102),Selangor,0.24,0.15,61.07,8.79,29.25,0.01,0.49,0.0
476,43611,31145,265,0,39019,89.5,103-028,SERI KEMBANGAN (P103),Selangor,0.16,0.1,81.83,8.49,9.15,0.0,0.28,0.0
477,52826,14363,355,0,46054,87.2,103-029,SERI SERDANG (P103),Selangor,0.45,0.23,27.35,11.3,59.74,0.27,0.66,0.0
478,72399,45212,371,0,63536,87.8,104-030,KINRARA (P104),Selangor,0.32,0.26,55.41,18.28,25.01,0.02,0.7,0.0
479,74023,48272,332,0,63332,85.6,104-031,SUBANG JAYA (P104),Selangor,0.51,0.28,57.55,12.08,28.18,0.0,1.4,0.0
480,52650,19372,411,0,44457,84.4,105-032,SERI SETIA (P105),Selangor,0.5,0.33,19.7,24.38,54.13,0.01,0.95,0.0
481,44731,10940,390,0,38077,85.1,105-033,TAMAN MEDAN (P105),Selangor,0.17,0.06,12.42,18.97,67.38,0.0,1.0,0.0
482,43539,25835,187,0,34080,78.3,105-034,BUKIT GASING (P105),Selangor,0.23,0.24,67.1,14.27,16.06,0.02,2.09,0.0
483,48601,30444,204,0,38821,79.9,106-035,KAMPUNG TUNKU (P106),Selangor,0.13,0.11,75.31,8.68,14.48,0.0,1.29,0.0
484,51504,34769,165,0,43084,83.7,106-036,BANDAR UTAMA (P106),Selangor,0.14,0.11,74.18,8.87,15.66,0.01,1.03,0.0
485,64217,40233,296,0,55732,86.8,106-037,BUKIT LANJAN (P106),Selangor,0.26,0.12,61.15,10.43,26.81,0.49,0.73,0.0
486,40269,12072,307,0,35115,87.2,107-038,PAYA JARAS (P107),Selangor,0.28,0.27,15.12,9.12,73.11,0.06,2.04,0.0
487,50438,15703,391,0,43767,86.8,107-039,KOTA DAMANSARA (P107),Selangor,0.6,0.62,26.85,11.99,59.11,0.03,0.8,0.0
488,52282,17004,279,0,46296,88.6,108-040,KOTA ANGGERIK (P108),Selangor,0.3,0.31,13.88,9.3,75.54,0.11,0.57,0.0
489,55034,15616,379,0,47943,87.1,108-041,BATU TIGA (P108),Selangor,0.3,0.16,7.93,16.09,75.0,0.03,0.49,0.0
490,39091,9608,430,0,34448,88.1,109-042,MERU (P109),Selangor,0.18,0.1,15.14,23.98,60.21,0.01,0.38,0.0
491,44516,5370,536,0,38815,87.2,109-043,SEMENTA (P109),Selangor,0.16,0.07,13.14,10.65,75.49,0.01,0.49,0.0
492,41376,500,412,0,34571,83.6,109-044,SELAT KLANG (P109),Selangor,0.42,0.09,16.22,6.83,75.51,0.06,0.87,0.0
493,58017,39828,540,0,0,0.0,110-045,BANDAR BARU KLANG (P110),Selangor,0.12,0.04,70.67,13.38,15.39,0.0,0.4,0.0
494,33809,6422,393,0,28752,85.0,110-046,PELABUHAN KLANG (P110),Selangor,0.55,0.18,16.74,16.11,65.43,0.21,0.79,0.0
495,57522,35863,303,0,49102,85.4,110-047,PANDAMARAN (P110),Selangor,0.52,0.18,62.35,21.41,14.67,0.0,0.86,0.0
496,51444,33600,0,0,0,0.0,111-048,SENTOSA (P111),Selangor,0.68,0.11,38.21,43.28,17.01,0.0,0.7,0.0
497,50800,12480,305,0,43585,85.8,111-049,SUNGAI KANDIS (P111),Selangor,0.34,0.1,11.67,15.62,71.54,0.01,0.72,0.0
498,46777,21639,88,0,13369,28.6,111-050,KOTA KEMUNING (P111),Selangor,0.77,0.24,33.41,23.62,41.08,0.01,0.87,0.0
499,39455,1677,458,0,36645,92.9,112-051,SIJANGKANG (P112),Selangor,0.19,0.09,7.86,13.94,73.69,3.68,0.55,0.0
500,31006,17299,386,0,27145,87.5,112-052,BANTING (P112),Selangor,0.21,0.07,58.9,21.7,18.23,0.45,0.44,0.0
501,31945,2117,352,0,27650,86.6,112-053,MORIB (P112),Selangor,0.15,0.23,10.15,13.86,74.57,0.52,0.51,0.0
502,24272,2704,267,0,21557,88.8,113-054,TANJONG SEPAT (P113),Selangor,0.05,0.04,26.74,12.87,57.19,2.91,0.22,0.0
503,50466,6934,465,0,44423,88.0,113-055,DENGKIL (P113),Selangor,0.41,0.24,12.15,12.32,71.34,2.81,0.73,0.0
504,29770,6586,296,0,26109,87.7,113-056,SUNGAI PELEK (P113),Selangor,0.35,0.36,28.98,18.5,51.25,0.06,0.5,0.0
